datetime,indoor_CO2,indoor_Temp,indoor_RH,outdoor_Temp
2021-06-01 00:00:00,1188.75,27.55,45.025,20.875
2021-06-01 01:00:00,1173.5,26.95,42.05,20.625
2021-06-01 02:00:00,1137.5,27.0,50.75,20.35
2021-06-01 03:00:00,1239.0,27.325,54.875,20.200000000000003
2021-06-01 04:00:00,1247.5,27.375,52.275,19.9
2021-06-01 05:00:00,1269.0,27.35,53.025,19.8
2021-06-01 06:00:00,1296.75,27.35,52.475,19.625
2021-06-01 07:00:00,1333.25,27.4,52.675000000000004,19.5
2021-06-01 08:00:00,1230.0,27.525,52.449999999999996,21.0
2021-06-01 09:00:00,925.0,27.325,51.925,22.175
2021-06-01 10:00:00,1152.75,27.55,52.3,23.175
2021-06-01 11:00:00,1019.75,27.6,50.0,24.1
2021-06-01 12:00:00,887.0,27.6,48.775,24.925
2021-06-01 13:00:00,777.25,27.6,47.75,26.325
2021-06-01 14:00:00,707.75,27.6,46.975,26.6
2021-06-01 15:00:00,654.25,27.6,46.15,27.075
2021-06-01 16:00:00,624.5,27.6,45.6,28.875
2021-06-01 17:00:00,589.0,27.6,44.75,28.775
2021-06-01 18:00:00,572.25,27.6,44.425,28.3
2021-06-01 19:00:00,554.0,27.6,43.75,27.3
2021-06-01 20:00:00,551.75,27.65,43.05,25.575000000000003
2021-06-01 21:00:00,545.75,27.7,42.775,23.475
2021-06-01 22:00:00,530.0,27.7,43.025,21.675
2021-06-01 23:00:00,513.25,27.7,43.025,20.775
2021-06-02 00:00:00,503.5,27.725,43.150000000000006,20.125
2021-06-02 01:00:00,504.0,27.7,43.375,19.6
2021-06-02 02:00:00,500.0,27.7,43.525,19.325
2021-06-02 03:00:00,500.0,27.675,43.575,18.575
2021-06-02 04:00:00,500.0,27.6,43.625,17.95
2021-06-02 05:00:00,500.0,27.525,43.625,17.4
2021-06-02 06:00:00,500.0,27.424999999999997,43.575,17.875
2021-06-02 07:00:00,500.0,27.325,43.5,19.9
2021-06-02 08:00:00,500.0,27.25,43.349999999999994,18.9
2021-06-02 09:00:00,500.0,27.2,43.175000000000004,19.950000000000003
2021-06-02 10:00:00,500.0,27.2,43.225,21.75
2021-06-02 11:00:00,500.0,27.2,43.375,23.825000000000003
2021-06-02 12:00:00,500.0,27.2,43.650000000000006,26.0
2021-06-02 13:00:00,500.0,27.2,43.8,27.125
2021-06-02 14:00:00,500.0,27.2,44.0,27.825
2021-06-02 15:00:00,500.0,27.2,44.150000000000006,28.725
2021-06-02 16:00:00,500.0,27.2,43.9,31.575000000000003
2021-06-02 17:00:00,502.5,27.275,43.65,32.55
2021-06-02 18:00:00,500.0,27.3,43.525,32.125
2021-06-02 19:00:00,500.0,27.4,43.475,31.725
2021-06-02 20:00:00,500.0,27.45,43.375,30.65
2021-06-02 21:00:00,501.25,27.5,43.375,27.575
2021-06-02 22:00:00,504.5,27.6,43.150000000000006,24.65
2021-06-02 23:00:00,510.75,27.675,43.075,22.85
2021-06-03 00:00:00,502.0,27.7,42.849999999999994,21.6
2021-06-03 01:00:00,500.0,27.7,42.75,20.325000000000003
2021-06-03 02:00:00,500.0,27.7,42.75,19.8
2021-06-03 03:00:00,500.0,27.7,42.925,19.275
2021-06-03 04:00:00,500.0,27.6,43.1,19.275
2021-06-03 05:00:00,500.0,27.6,43.275,18.9
2021-06-03 06:00:00,500.0,27.525,43.349999999999994,18.45
2021-06-03 07:00:00,500.0,27.45,43.375,22.25
2021-06-03 08:00:00,500.0,27.4,43.4,19.9
2021-06-03 09:00:00,500.0,27.4,43.4,21.875
2021-06-03 10:00:00,500.0,27.4,43.55,23.675
2021-06-03 11:00:00,500.0,27.4,43.7,25.4
2021-06-03 12:00:00,500.0,27.45,43.824999999999996,26.85
2021-06-03 13:00:00,501.0,27.5,44.025,28.075
2021-06-03 14:00:00,507.25,27.5,44.150000000000006,28.55
2021-06-03 15:00:00,514.25,27.5,44.125,29.275
2021-06-03 16:00:00,508.25,27.5,44.1,31.85
2021-06-03 17:00:00,506.0,27.575000000000003,43.800000000000004,32.325
2021-06-03 18:00:00,939.25,25.475,42.0,31.225
2021-06-03 19:00:00,1115.5,25.125,42.375,30.375
2021-06-03 20:00:00,1283.5,26.725,46.725,28.750000000000004
2021-06-03 21:00:00,977.75,27.15,45.75,26.725
2021-06-03 22:00:00,1095.5,27.475,52.6,25.25
2021-06-03 23:00:00,766.25,27.425,49.9,24.075
2021-06-04 00:00:00,600.75,27.2,48.125,22.725
2021-06-04 01:00:00,579.0,27.15,47.125,21.275
2021-06-04 02:00:00,650.75,27.349999999999998,48.025,20.8
2021-06-04 03:00:00,687.5,27.4,47.85,20.275
2021-06-04 04:00:00,679.5,27.5,48.125,19.825
2021-06-04 05:00:00,765.25,27.5,48.1,19.725
2021-06-04 06:00:00,863.25,27.5,48.325,19.575000000000003
2021-06-04 07:00:00,873.75,27.5,48.15,19.625
2021-06-04 08:00:00,879.75,27.475,48.575,20.1
2021-06-04 09:00:00,905.0,27.5,48.8,22.05
2021-06-04 10:00:00,760.75,27.5,47.925,23.925
2021-06-04 11:00:00,646.75,27.5,47.25,25.525
2021-06-04 12:00:00,608.0,27.5,47.15,26.7
2021-06-04 13:00:00,579.75,27.525,47.225,28.25
2021-06-04 14:00:00,664.75,27.6,47.675,29.85
2021-06-04 15:00:00,980.75,27.475,45.35,31.225
2021-06-04 16:00:00,1983.25,27.775,48.125,32.85
2021-06-04 17:00:00,1732.0,27.9,48.95,30.3
2021-06-04 18:00:00,1395.75,28.05,52.175,30.275
2021-06-04 19:00:00,1216.0,28.075000000000003,52.45,29.75
2021-06-04 20:00:00,1043.5,28.1,51.75,29.6
2021-06-04 21:00:00,962.75,28.1,51.375,27.4
2021-06-04 22:00:00,906.0,28.125,50.95,26.175
2021-06-04 23:00:00,845.25,28.2,50.725,24.85
2021-06-05 00:00:00,797.75,28.2,50.675000000000004,23.925
2021-06-05 01:00:00,739.5,28.2,50.6,23.275
2021-06-05 02:00:00,674.75,28.175,50.25,23.175
2021-06-05 03:00:00,632.25,28.1,49.775,22.725
2021-06-05 04:00:00,595.0,28.1,49.25,21.375000000000004
2021-06-05 05:00:00,575.25,28.05,48.95,20.825
2021-06-05 06:00:00,550.5,28.0,48.65,20.425
2021-06-05 07:00:00,545.25,27.9,48.425,20.875
2021-06-05 08:00:00,529.25,27.9,48.224999999999994,23.125000000000004
2021-06-05 09:00:00,526.75,27.9,47.875,24.675
2021-06-05 10:00:00,531.25,27.9,48.075,25.25
2021-06-05 11:00:00,528.5,27.9,47.9,26.875
2021-06-05 12:00:00,514.25,27.825,47.8,27.475
2021-06-05 13:00:00,514.0,27.8,47.8,28.55
2021-06-05 14:00:00,510.0,27.8,47.9,29.525
2021-06-05 15:00:00,510.75,27.9,47.9,30.625
2021-06-05 16:00:00,510.5,27.9,47.925,32.150000000000006
2021-06-05 17:00:00,500.0,27.9,48.025,31.125
2021-06-05 18:00:00,500.0,27.975,48.0,29.975
2021-06-05 19:00:00,503.0,28.0,47.9,28.725
2021-06-05 20:00:00,504.0,28.05,47.849999999999994,27.625
2021-06-05 21:00:00,503.25,28.1,47.975,26.575
2021-06-05 22:00:00,500.75,28.1,47.925,25.325
2021-06-05 23:00:00,500.0,28.15,47.95,24.6
2021-06-06 00:00:00,500.0,28.2,47.825,23.9
2021-06-06 01:00:00,500.0,28.175,47.725,22.725
2021-06-06 02:00:00,500.0,28.15,47.675000000000004,22.4
2021-06-06 03:00:00,500.0,28.1,47.575,22.525
2021-06-06 04:00:00,500.0,28.1,47.5,22.15
2021-06-06 05:00:00,500.0,28.05,47.5,21.625
2021-06-06 06:00:00,500.0,28.0,47.375,21.025
2021-06-06 07:00:00,500.0,27.975,47.2,23.325
2021-06-06 08:00:00,500.0,28.0,46.85,21.9
2021-06-06 09:00:00,500.0,28.025,46.4,23.35
2021-06-06 10:00:00,501.25,28.075000000000003,46.275,24.450000000000003
2021-06-06 11:00:00,500.0,28.075000000000003,46.425,26.475
2021-06-06 12:00:00,507.0,28.0,46.75,28.625
2021-06-06 13:00:00,512.25,28.0,46.75,29.975
2021-06-06 14:00:00,500.5,28.05,46.25,31.075000000000003
2021-06-06 15:00:00,501.25,28.075000000000003,45.65,32.25
2021-06-06 16:00:00,504.25,28.1,45.224999999999994,34.4
2021-06-06 17:00:00,500.0,28.15,44.575,34.75
2021-06-06 18:00:00,500.0,28.225,43.9,35.575
2021-06-06 19:00:00,505.0,28.325,43.3,35.125
2021-06-06 20:00:00,612.75,28.45,43.925,34.425000000000004
2021-06-06 21:00:00,740.25,28.5,44.7,32.85
2021-06-06 22:00:00,713.5,28.625,44.275000000000006,30.875
2021-06-06 23:00:00,810.25,27.95,42.525000000000006,29.225
2021-06-07 00:00:00,1413.25,26.975,52.7,27.1
2021-06-07 01:00:00,1863.25,27.025,56.3,25.125
2021-06-07 02:00:00,2142.5,27.1,58.6,24.275
2021-06-07 03:00:00,2336.75,26.975,57.25,24.025
2021-06-07 04:00:00,2455.75,26.9,57.425,23.5
2021-06-07 05:00:00,2583.5,27.05,58.0,23.35
2021-06-07 06:00:00,2733.0,27.1,57.9,22.925
2021-06-07 07:00:00,2842.75,26.925,58.925,25.275
2021-06-07 08:00:00,2636.0,27.225,57.9,22.775
2021-06-07 09:00:00,1308.0,27.85,51.05,24.65
2021-06-07 10:00:00,833.0,28.1,47.3,26.825000000000003
2021-06-07 11:00:00,847.25,28.0,47.15,29.075000000000003
2021-06-07 12:00:00,1417.5,27.15,47.925,31.300000000000004
2021-06-07 13:00:00,1314.25,28.075,48.6,33.15
2021-06-07 14:00:00,999.75,28.25,45.95,33.95
2021-06-07 15:00:00,891.75,28.375,45.775,34.975
2021-06-07 16:00:00,776.5,28.525,45.1,37.25
2021-06-07 17:00:00,839.5,28.625,44.7,38.325
2021-06-07 18:00:00,897.0,28.725,41.975,38.25
2021-06-07 19:00:00,880.75,28.85,41.3,38.05
2021-06-07 20:00:00,859.0,28.975,39.9,37.0
2021-06-07 21:00:00,794.25,29.075000000000003,38.475,35.275
2021-06-07 22:00:00,789.0,29.225,39.975,32.075
2021-06-07 23:00:00,840.75,29.35,40.9,29.9
2021-06-08 00:00:00,1378.0,27.9,43.15,28.625
2021-06-08 01:00:00,1810.25,27.0,45.825,27.775
2021-06-08 02:00:00,2132.25,27.2,54.875,27.050000000000004
2021-06-08 03:00:00,2410.25,27.2,56.8,26.45
2021-06-08 04:00:00,2573.75,27.15,55.875,26.0
2021-06-08 05:00:00,2772.75,27.25,57.925,25.55
2021-06-08 06:00:00,2887.0,27.174999999999997,56.55,24.475
2021-06-08 07:00:00,2881.5,27.2,56.625,28.725
2021-06-08 08:00:00,2154.75,27.45,52.675,24.05
2021-06-08 09:00:00,1258.75,28.325,47.275,25.4
2021-06-08 10:00:00,909.75,28.625,44.925,27.5
2021-06-08 11:00:00,1133.0,28.825,47.3,29.85
2021-06-08 12:00:00,1549.25,29.025,51.075,32.225
2021-06-08 13:00:00,1624.75,29.125,48.375,33.875
2021-06-08 14:00:00,1494.0,29.25,45.7,35.099999999999994
2021-06-08 15:00:00,1388.75,29.375,45.95,36.375
2021-06-08 16:00:00,1285.75,29.5,45.275000000000006,39.175
2021-06-08 17:00:00,1240.25,29.625,44.15,39.3
2021-06-08 18:00:00,1173.0,29.775,43.35,38.900000000000006
2021-06-08 19:00:00,1293.0,29.825,41.75,37.875
2021-06-08 20:00:00,1292.5,29.9,40.6,35.349999999999994
2021-06-08 21:00:00,1099.25,30.0,40.8,32.85
2021-06-08 22:00:00,1000.5,30.05,41.075,30.575000000000003
2021-06-08 23:00:00,1001.0,30.2,40.95,29.35
2021-06-09 00:00:00,1278.5,28.8,39.275,28.325000000000003
2021-06-09 01:00:00,1885.75,28.0,50.325,27.55
2021-06-09 02:00:00,2302.75,28.15,53.825,26.8
2021-06-09 03:00:00,2585.5,27.925,55.325,25.875
2021-06-09 04:00:00,2806.5,27.975,57.275,25.075
2021-06-09 05:00:00,2974.75,28.049999999999997,56.825,24.4
2021-06-09 06:00:00,3099.5,27.975,54.875,23.975
2021-06-09 07:00:00,2300.5,27.75,49.125,27.925
2021-06-09 08:00:00,1436.5,28.55,44.25,24.325000000000003
2021-06-09 09:00:00,1202.25,28.975,43.675,26.225
2021-06-09 10:00:00,800.0,29.125,39.85,28.125
2021-06-09 11:00:00,700.5,29.325,41.85,30.45
2021-06-09 12:00:00,729.5,29.475,37.875,32.425
2021-06-09 13:00:00,649.5,29.625,36.8,34.1
2021-06-09 14:00:00,589.0,29.75,36.025,35.575
2021-06-09 15:00:00,1005.25,28.2,41.925000000000004,37.1
2021-06-09 16:00:00,1131.5,27.825,44.95,38.65
2021-06-09 17:00:00,1307.5,29.025,40.625,39.325
2021-06-09 18:00:00,1301.5,29.35,38.725,39.2
2021-06-09 19:00:00,1276.0,29.65,38.55,38.575
2021-06-09 20:00:00,1636.25,29.75,35.975,36.8
2021-06-09 21:00:00,1583.5,29.95,36.95,34.325
2021-06-09 22:00:00,1545.75,30.125,37.3,32.025
2021-06-09 23:00:00,1594.75,28.925,36.975,30.125
2021-06-10 00:00:00,2090.0,28.2,45.7,27.875
2021-06-10 01:00:00,2383.75,28.15,49.725,26.15
2021-06-10 02:00:00,2627.0,28.025,52.85,25.25
2021-06-10 03:00:00,2841.0,28.025,51.9,24.75
2021-06-10 04:00:00,3024.75,27.95,53.725,24.450000000000003
2021-06-10 05:00:00,3269.75,28.5,54.65,24.425
2021-06-10 06:00:00,3512.0,28.75,54.975,24.3
2021-06-10 07:00:00,3754.25,28.725,54.8,25.125
2021-06-10 08:00:00,2002.0,29.275,47.675,24.575
2021-06-10 09:00:00,956.0,29.525,42.325,25.75
2021-06-10 10:00:00,674.5,29.7,38.775,27.975
2021-06-10 11:00:00,1066.75,29.6,42.5,30.55
2021-06-10 12:00:00,1431.0,28.725,47.2,32.675
2021-06-10 13:00:00,1368.5,29.4,45.9,34.05
2021-06-10 14:00:00,1329.75,29.7,44.650000000000006,35.2
2021-06-10 15:00:00,1319.5,29.9,44.85,36.375
2021-06-10 16:00:00,1274.0,30.05,43.95,38.55
2021-06-10 17:00:00,1455.0,30.15,41.85,38.875
2021-06-10 18:00:00,1585.25,30.275,41.25,38.55
2021-06-10 19:00:00,1491.75,30.375,41.25,37.25
2021-06-10 20:00:00,1564.5,29.075,39.7,35.35
2021-06-10 21:00:00,1327.25,29.9,36.825,32.9
2021-06-10 22:00:00,1127.75,30.225,37.599999999999994,30.525
2021-06-10 23:00:00,1442.0,28.65,37.05,29.3
2021-06-11 00:00:00,2057.0,27.775,44.875,28.425
2021-06-11 01:00:00,2259.25,27.975,50.65,27.825000000000003
2021-06-11 02:00:00,2422.75,27.7,49.1,26.15
2021-06-11 03:00:00,2450.5,27.55,52.725,24.675
2021-06-11 04:00:00,2511.25,27.55,52.175000000000004,24.05
2021-06-11 05:00:00,2538.75,27.475,53.225,23.475
2021-06-11 06:00:00,2645.75,27.575,55.375,23.5
2021-06-11 07:00:00,2628.75,27.5,55.35,24.075000000000003
2021-06-11 08:00:00,1550.5,28.525,48.95,25.95
2021-06-11 09:00:00,1164.5,29.125,46.650000000000006,26.575
2021-06-11 10:00:00,1058.0,29.425,46.275,27.4
2021-06-11 11:00:00,971.0,29.65,45.775,29.200000000000003
2021-06-11 12:00:00,1192.0,29.75,49.675,31.05
2021-06-11 13:00:00,1573.25,29.375,46.875,32.575
2021-06-11 14:00:00,1916.0,27.85,45.85,33.275
2021-06-11 15:00:00,1785.5,28.675,46.75,34.25
2021-06-11 16:00:00,1468.25,29.4,46.2,35.125
2021-06-11 17:00:00,1235.75,29.725,46.25,35.125
2021-06-11 18:00:00,1053.5,29.95,46.125,34.5
2021-06-11 19:00:00,958.25,30.1,46.05,34.3
2021-06-11 20:00:00,874.0,30.25,45.9,32.5
2021-06-11 21:00:00,829.75,30.35,46.175,30.25
2021-06-11 22:00:00,808.75,30.475,46.0,27.9
2021-06-11 23:00:00,782.5,30.525,44.875,25.85
2021-06-12 00:00:00,816.0,28.7,38.875,24.75
2021-06-12 01:00:00,1148.75,27.525,43.55,24.175
2021-06-12 02:00:00,1338.75,27.525,50.7,23.825
2021-06-12 03:00:00,1449.0,27.625,52.4,23.6
2021-06-12 04:00:00,1378.25,27.125,48.075,22.700000000000003
2021-06-12 05:00:00,1364.25,26.975,50.575,22.025
2021-06-12 06:00:00,1351.0,26.8,52.175,22.425
2021-06-12 07:00:00,1129.25,27.425,51.35,22.450000000000003
2021-06-12 08:00:00,880.25,28.6,50.175,23.7
2021-06-12 09:00:00,782.75,28.975,48.7,24.975
2021-06-12 10:00:00,725.0,29.175,48.0,25.875
2021-06-12 11:00:00,678.75,29.275,47.575,28.025
2021-06-12 12:00:00,640.5,29.4,47.1,29.625
2021-06-12 13:00:00,621.75,29.525,46.625,30.425000000000004
2021-06-12 14:00:00,625.0,29.575000000000003,46.65,31.05
2021-06-12 15:00:00,637.5,29.6,46.275,32.1
2021-06-12 16:00:00,659.0,29.675,44.325,34.275
2021-06-12 17:00:00,837.0,29.625,41.25,33.825
2021-06-12 18:00:00,879.5,29.725,43.5,33.575
2021-06-12 19:00:00,873.75,29.85,44.15,32.625
2021-06-12 20:00:00,1183.25,29.85,42.95,30.725
2021-06-12 21:00:00,1155.25,29.875,40.05,28.4
2021-06-12 22:00:00,1187.75,29.9,37.35,26.9
2021-06-12 23:00:00,1128.0,30.0,39.875,26.25
2021-06-13 00:00:00,1239.25,27.975,41.9,25.5
2021-06-13 01:00:00,1312.5,27.7,48.05,24.925
2021-06-13 02:00:00,1408.5,28.6,48.7,24.45
2021-06-13 03:00:00,1483.75,28.65,47.125,23.975
2021-06-13 04:00:00,1510.5,28.75,47.2,23.675
2021-06-13 05:00:00,1583.0,29.075,47.0,23.4
2021-06-13 06:00:00,1532.0,28.975,48.525,23.225
2021-06-13 07:00:00,1127.75,28.95,44.35,24.025
2021-06-13 08:00:00,881.75,27.8,44.55,23.4
2021-06-13 09:00:00,864.75,28.2,44.875,25.2
2021-06-13 10:00:00,836.0,28.95,44.35,27.6
2021-06-13 11:00:00,940.5,29.15,43.225,29.475
2021-06-13 12:00:00,1001.0,29.3,43.175,31.125
2021-06-13 13:00:00,1322.5,29.35,44.0,31.700000000000003
2021-06-13 14:00:00,1239.0,29.525,46.425,32.025000000000006
2021-06-13 15:00:00,1105.25,29.625,46.3,32.724999999999994
2021-06-13 16:00:00,1014.25,29.7,46.125,34.349999999999994
2021-06-13 17:00:00,1025.75,29.75,45.0,33.849999999999994
2021-06-13 18:00:00,1060.75,29.775,41.824999999999996,33.25
2021-06-13 19:00:00,1046.75,29.825,44.825,32.575
2021-06-13 20:00:00,1220.5,29.975,47.325,31.3
2021-06-13 21:00:00,1283.5,30.1,47.85,29.075
2021-06-13 22:00:00,1490.25,28.925,43.525,27.5
2021-06-13 23:00:00,2192.5,27.525,40.225,26.4
2021-06-14 00:00:00,2065.0,27.575000000000003,50.9,25.6
2021-06-14 01:00:00,2366.5,27.575,54.05,24.875
2021-06-14 02:00:00,2746.5,27.575,55.525,23.975
2021-06-14 03:00:00,2988.25,27.675,57.825,22.975
2021-06-14 04:00:00,3213.75,27.625,58.15,21.85
2021-06-14 05:00:00,3308.75,27.7,60.075,21.975
2021-06-14 06:00:00,3375.75,27.6,62.225,21.6
2021-06-14 07:00:00,3047.5,27.7,62.775,23.15
2021-06-14 08:00:00,1539.25,28.525,56.275,23.425
2021-06-14 09:00:00,938.0,28.9,51.45,24.9
2021-06-14 10:00:00,999.25,28.7,48.675,26.225
2021-06-14 11:00:00,955.5,27.925,42.925,28.2
2021-06-14 12:00:00,877.5,28.725,43.925,30.05
2021-06-14 13:00:00,836.0,28.9,44.325,31.325000000000003
2021-06-14 14:00:00,794.75,29.075000000000003,45.55,32.175
2021-06-14 15:00:00,776.0,29.225,46.425,33.2
2021-06-14 16:00:00,840.25,29.35,45.65,35.7
2021-06-14 17:00:00,941.25,29.424999999999997,44.375,35.825
2021-06-14 18:00:00,1198.25,29.5,40.775,35.475
2021-06-14 19:00:00,1337.25,29.65,47.025,35.525
2021-06-14 20:00:00,1599.5,29.8,50.075,32.875
2021-06-14 21:00:00,1666.5,29.9,45.375,28.275
2021-06-14 22:00:00,1456.75,29.975,45.8,26.1
2021-06-14 23:00:00,1443.5,29.275,43.099999999999994,24.625
2021-06-15 00:00:00,1789.25,28.075,47.95,23.35
2021-06-15 01:00:00,2014.25,27.725,57.025,22.425
2021-06-15 02:00:00,2050.75,27.2,57.525,21.825
2021-06-15 03:00:00,2104.0,27.25,59.05,21.5
2021-06-15 04:00:00,2104.25,27.05,59.824999999999996,21.4
2021-06-15 05:00:00,2115.25,27.1,59.825,21.125
2021-06-15 06:00:00,2111.5,27.125,57.675,20.95
2021-06-15 07:00:00,2130.0,27.275,58.65,21.55
2021-06-15 08:00:00,1487.0,27.675,56.3,23.75
2021-06-15 09:00:00,1148.5,28.325,53.425,24.0
2021-06-15 10:00:00,1106.75,28.275,56.224999999999994,24.525
2021-06-15 11:00:00,1178.75,28.5,56.375,25.475
2021-06-15 12:00:00,1142.25,28.65,53.1,28.225
2021-06-15 13:00:00,1033.5,28.7,52.025000000000006,29.3
2021-06-15 14:00:00,811.25,28.725,52.7,30.675
2021-06-15 15:00:00,660.5,28.8,51.9,31.6
2021-06-15 16:00:00,632.75,28.875,50.625,31.8
2021-06-15 17:00:00,600.75,28.924999999999997,49.45,31.35
2021-06-15 18:00:00,681.5,29.025,50.8,31.0
2021-06-15 19:00:00,770.5,29.1,52.275,30.125
2021-06-15 20:00:00,761.25,29.175,51.55,28.475
2021-06-15 21:00:00,724.25,29.25,50.775,26.35
2021-06-15 22:00:00,747.75,29.3,50.85,24.725
2021-06-15 23:00:00,773.75,29.05,49.05,23.3
2021-06-16 00:00:00,1382.25,26.9,52.35,22.6
2021-06-16 01:00:00,1804.25,27.15,63.15,22.7
2021-06-16 02:00:00,2056.5,27.05,63.625,22.625
2021-06-16 03:00:00,2241.0,26.95,62.325,22.375
2021-06-16 04:00:00,2318.75,27.125,62.725,22.25
2021-06-16 05:00:00,2388.75,27.2,63.650000000000006,22.225
2021-06-16 06:00:00,2463.75,27.375,62.0,22.075
2021-06-16 07:00:00,2532.0,27.375,61.275,21.950000000000003
2021-06-16 08:00:00,2206.5,27.3,59.625,23.35
2021-06-16 09:00:00,951.5,27.8,53.3,24.275
2021-06-16 10:00:00,645.25,27.975,51.025,25.775
2021-06-16 11:00:00,614.75,27.85,51.05,26.25
2021-06-16 12:00:00,698.0,28.0,53.0,27.275
2021-06-16 13:00:00,631.5,28.075000000000003,49.575,28.85
2021-06-16 14:00:00,684.5,28.2,50.225,29.0
2021-06-16 15:00:00,770.0,28.3,50.725,29.475
2021-06-16 16:00:00,722.5,28.375,50.2,29.525
2021-06-16 17:00:00,917.5,28.325,48.05,29.450000000000003
2021-06-16 18:00:00,1075.0,28.475,57.125,29.825000000000003
2021-06-16 19:00:00,1142.5,28.55,54.85,29.05
2021-06-16 20:00:00,1181.25,28.55,49.325,27.175
2021-06-16 21:00:00,1042.5,28.575000000000003,47.475,24.975
2021-06-16 22:00:00,859.0,28.525000000000002,47.575,23.55
2021-06-16 23:00:00,580.25,27.9,47.0,22.6
2021-06-17 00:00:00,556.5,27.825,47.6,22.15
2021-06-17 01:00:00,575.75,27.924999999999997,47.925,21.975
2021-06-17 02:00:00,568.25,27.875,48.375,21.35
2021-06-17 03:00:00,575.5,27.825,48.65,21.175
2021-06-17 04:00:00,562.25,27.675,50.625,20.3
2021-06-17 05:00:00,558.0,27.475,51.1,20.075000000000003
2021-06-17 06:00:00,546.75,27.425,51.075,19.975
2021-06-17 07:00:00,614.0,27.475,53.3,20.15
2021-06-17 08:00:00,646.5,27.75,52.475,22.525
2021-06-17 09:00:00,571.5,27.825,51.525,22.725
2021-06-17 10:00:00,539.25,27.9,51.45,24.775
2021-06-17 11:00:00,512.5,27.9,51.175,26.95
2021-06-17 12:00:00,500.0,27.75,51.425,26.45
2021-06-17 13:00:00,500.0,27.7,51.775,27.200000000000003
2021-06-17 14:00:00,500.0,27.675,52.575,25.075000000000003
2021-06-17 15:00:00,500.0,27.625,53.4,26.65
2021-06-17 16:00:00,500.0,27.65,52.0,26.325
2021-06-17 17:00:00,500.0,27.7,50.525,27.425
2021-06-17 18:00:00,500.0,27.7,49.95,26.975
2021-06-17 19:00:00,500.0,27.675,49.8,25.85
2021-06-17 20:00:00,500.0,27.625,49.625,24.775
2021-06-17 21:00:00,500.0,27.025,50.525,23.375
2021-06-17 22:00:00,500.0,26.775,51.7,22.3
2021-06-17 23:00:00,500.0,26.75,52.349999999999994,21.775
2021-06-18 00:00:00,504.5,26.8,52.5,20.975
2021-06-18 01:00:00,500.0,26.675,53.075,20.55
2021-06-18 02:00:00,500.0,26.475,53.175,20.35
2021-06-18 03:00:00,500.0,26.3,53.2,20.175
2021-06-18 04:00:00,500.0,26.175,53.475,20.025
2021-06-18 05:00:00,500.0,25.975,53.925,19.925
2021-06-18 06:00:00,500.0,25.975,53.875,19.450000000000003
2021-06-18 07:00:00,529.5,26.075,54.325,19.5
2021-06-18 08:00:00,582.5,26.375,56.525,21.875
2021-06-18 09:00:00,535.0,26.5,54.5,22.475
2021-06-18 10:00:00,501.25,26.525,54.125,22.925
2021-06-18 11:00:00,500.0,26.525,53.675,24.275
2021-06-18 12:00:00,500.0,26.55,53.349999999999994,25.3
2021-06-18 13:00:00,500.0,26.5,52.925,24.675
2021-06-18 14:00:00,500.0,26.5,52.85,26.425
2021-06-18 15:00:00,500.0,26.5,51.625,27.325
2021-06-18 16:00:00,500.0,26.45,47.875,26.75
2021-06-18 17:00:00,500.0,26.475,45.025,26.625
2021-06-18 18:00:00,500.0,26.475,45.775,25.625
2021-06-18 19:00:00,500.0,26.45,45.8,24.475
2021-06-18 20:00:00,506.25,26.424999999999997,45.85,22.5
2021-06-18 21:00:00,546.5,26.475,45.875,21.45
2021-06-18 22:00:00,505.0,26.4,45.75,20.2
2021-06-18 23:00:00,550.25,26.1,46.775,19.575
2021-06-19 00:00:00,546.0,25.625,48.45,18.950000000000003
2021-06-19 01:00:00,517.75,25.5,49.025,18.15
2021-06-19 02:00:00,508.25,25.275,49.925,17.924999999999997
2021-06-19 03:00:00,546.5,25.575000000000003,49.175,17.825
2021-06-19 04:00:00,555.0,25.6,47.275,17.6
2021-06-19 05:00:00,580.0,25.6,47.275000000000006,17.55
2021-06-19 06:00:00,558.0,25.525,46.474999999999994,17.1
2021-06-19 07:00:00,540.75,25.325,46.375,16.85
2021-06-19 08:00:00,526.75,25.1,46.65,19.375
2021-06-19 09:00:00,534.25,25.0,47.475,20.425
2021-06-19 10:00:00,517.75,25.225,47.45,21.3
2021-06-19 11:00:00,705.5,25.375,54.0,23.4
2021-06-19 12:00:00,663.25,25.45,51.525,24.675
2021-06-19 13:00:00,594.25,25.475,48.55,25.375
2021-06-19 14:00:00,738.25,25.5,51.275,26.675
2021-06-19 15:00:00,708.0,25.5,51.1,27.450000000000003
2021-06-19 16:00:00,738.75,25.6,51.1,27.725
2021-06-19 17:00:00,759.5,25.65,51.175,27.7
2021-06-19 18:00:00,775.5,25.7,51.175,28.25
2021-06-19 19:00:00,846.75,25.85,55.825,25.775
2021-06-19 20:00:00,835.0,25.9,55.15,25.35
2021-06-19 21:00:00,793.75,25.95,53.650000000000006,23.425
2021-06-19 22:00:00,710.75,26.0,52.725,21.925
2021-06-19 23:00:00,654.5,25.975,51.45,21.1
2021-06-20 00:00:00,573.0,25.675,49.825,20.225
2021-06-20 01:00:00,526.25,25.424999999999997,51.175,19.55
2021-06-20 02:00:00,535.0,25.45,51.475,19.225
2021-06-20 03:00:00,597.5,25.6,51.35,19.4
2021-06-20 04:00:00,574.0,25.575000000000003,49.425,19.25
2021-06-20 05:00:00,581.75,25.5,47.975,18.7
2021-06-20 06:00:00,571.25,25.424999999999997,47.15,18.5
2021-06-20 07:00:00,584.5,25.275,45.425,18.3
2021-06-20 08:00:00,517.5,25.0,43.6,19.225
2021-06-20 09:00:00,500.25,24.875,42.45,20.625
2021-06-20 10:00:00,501.0,25.025,42.325,22.1
2021-06-20 11:00:00,500.0,25.025,38.825,23.425
2021-06-20 12:00:00,897.5,25.35,50.95,24.975
2021-06-20 13:00:00,1241.25,25.65,56.825,27.725
2021-06-20 14:00:00,1073.25,25.75,51.1,27.95
2021-06-20 15:00:00,876.75,25.8,49.75,27.4
2021-06-20 16:00:00,749.75,25.85,49.925,27.225
2021-06-20 17:00:00,733.25,25.9,52.0,27.3
2021-06-20 18:00:00,652.5,25.9,51.975,26.9
2021-06-20 19:00:00,645.25,25.924999999999997,52.075,25.5
2021-06-20 20:00:00,656.5,26.0,52.275,25.125
2021-06-20 21:00:00,679.0,26.05,52.625,23.675
2021-06-20 22:00:00,520.75,25.55,55.175,22.775
2021-06-20 23:00:00,505.5,25.35,56.0,22.25
2021-06-21 00:00:00,500.0,25.25,56.775,21.675
2021-06-21 01:00:00,509.5,25.4,57.025,21.325
2021-06-21 02:00:00,538.5,25.6,56.025,20.95
2021-06-21 03:00:00,546.0,25.65,55.5,20.725
2021-06-21 04:00:00,562.0,25.725,53.475,20.475
2021-06-21 05:00:00,539.5,25.6,50.175,19.55
2021-06-21 06:00:00,556.25,25.5,47.4,18.625
2021-06-21 07:00:00,846.0,25.675,53.8,20.425
2021-06-21 08:00:00,848.25,25.825,50.4,18.475
2021-06-21 09:00:00,689.5,25.9,48.45,19.5
2021-06-21 10:00:00,587.5,25.95,47.05,21.125
2021-06-21 11:00:00,530.25,26.0,45.8,23.35
2021-06-21 12:00:00,518.75,26.0,44.8,24.475
2021-06-21 13:00:00,502.25,26.0,44.25,25.725
2021-06-21 14:00:00,500.0,26.0,43.525,26.450000000000003
2021-06-21 15:00:00,500.0,26.0,43.475,26.2
2021-06-21 16:00:00,500.0,26.075000000000003,43.1,29.325
2021-06-21 17:00:00,500.0,26.1,42.875,29.8
2021-06-21 18:00:00,500.0,26.2,42.95,29.425
2021-06-21 19:00:00,510.75,26.225,43.175,29.125
2021-06-21 20:00:00,589.5,26.3,43.45,27.8
2021-06-21 21:00:00,645.5,26.3,43.7,25.55
2021-06-21 22:00:00,719.75,26.35,45.175,23.2
2021-06-21 23:00:00,717.0,26.4,45.875,22.4
2021-06-22 00:00:00,726.25,26.375,46.075,21.95
2021-06-22 01:00:00,598.25,26.3,45.825,21.525
2021-06-22 02:00:00,563.75,26.275,46.300000000000004,21.125
2021-06-22 03:00:00,527.5,26.075,45.825,20.825
2021-06-22 04:00:00,525.5,26.0,45.65,20.6
2021-06-22 05:00:00,518.0,25.95,45.3,20.225
2021-06-22 06:00:00,505.5,25.85,45.15,20.125
2021-06-22 07:00:00,577.0,25.725,47.525,20.425
2021-06-22 08:00:00,810.75,25.95,51.25,20.575
2021-06-22 09:00:00,746.25,26.0,48.55,21.025
2021-06-22 10:00:00,596.25,26.025,47.35,22.95
2021-06-22 11:00:00,1084.25,26.225,59.55,25.0
2021-06-22 12:00:00,1406.0,26.4,54.55,27.15
2021-06-22 13:00:00,1450.75,26.45,52.9,27.5
2021-06-22 14:00:00,1099.0,26.4,50.625,27.9
2021-06-22 15:00:00,943.25,26.45,49.4,28.675
2021-06-22 16:00:00,895.5,26.5,49.45,31.175
2021-06-22 17:00:00,828.25,26.525,50.625,29.35
2021-06-22 18:00:00,854.0,26.675,54.175,28.4
2021-06-22 19:00:00,740.0,26.7,51.125,27.525
2021-06-22 20:00:00,741.0,26.65,48.175,25.85
2021-06-22 21:00:00,709.0,26.6,53.075,23.85
2021-06-22 22:00:00,632.5,26.575000000000003,50.175,22.375
2021-06-22 23:00:00,575.0,26.25,50.075,21.775
2021-06-23 00:00:00,590.0,26.25,50.65,21.225
2021-06-23 01:00:00,593.5,26.375,50.025,20.65
2021-06-23 02:00:00,613.5,26.5,50.125,20.4
2021-06-23 03:00:00,642.25,26.5,49.9,20.15
2021-06-23 04:00:00,650.0,26.6,50.025,19.825000000000003
2021-06-23 05:00:00,603.5,26.45,49.5,19.275
2021-06-23 06:00:00,573.25,26.275,49.075,19.05
2021-06-23 07:00:00,641.0,26.325,49.425,21.55
2021-06-23 08:00:00,605.5,26.4,49.425,20.8
2021-06-23 09:00:00,564.75,26.4,49.25,22.775
2021-06-23 10:00:00,548.0,26.475,49.125,24.275
2021-06-23 11:00:00,529.75,26.5,48.825,26.1
2021-06-23 12:00:00,525.25,26.6,48.375,27.9
2021-06-23 13:00:00,519.75,26.6,47.8,29.125
2021-06-23 14:00:00,511.5,26.7,47.55,29.75
2021-06-23 15:00:00,518.5,26.7,46.8,30.675
2021-06-23 16:00:00,571.75,26.75,46.7,33.5
2021-06-23 17:00:00,640.25,26.825,46.675,33.625
2021-06-23 18:00:00,643.5,26.924999999999997,46.55,34.125
2021-06-23 19:00:00,653.75,27.0,46.625,33.575
2021-06-23 20:00:00,739.25,27.125,46.95,32.35
2021-06-23 21:00:00,1101.0,27.3,48.625,30.075
2021-06-23 22:00:00,1085.0,27.325,48.2,28.025
2021-06-23 23:00:00,1012.5,27.475,44.725,26.9
2021-06-24 00:00:00,723.25,27.475,39.15,26.325
2021-06-24 01:00:00,580.0,27.375,38.15,25.15
2021-06-24 02:00:00,530.75,27.075000000000003,39.6,23.6
2021-06-24 03:00:00,516.75,26.9,39.925,22.925
2021-06-24 04:00:00,582.25,27.1,41.2,22.75
2021-06-24 05:00:00,607.5,27.125,41.55,22.375
2021-06-24 06:00:00,575.75,26.95,41.4,21.95
2021-06-24 07:00:00,716.25,27.075,45.65,24.125
2021-06-24 08:00:00,806.25,27.325,46.2,22.6
2021-06-24 09:00:00,647.5,27.45,43.75,24.125
2021-06-24 10:00:00,572.0,27.575000000000003,42.675,26.05
2021-06-24 11:00:00,557.25,27.675,43.25,28.025
2021-06-24 12:00:00,526.75,27.75,41.8,30.15
2021-06-24 13:00:00,519.5,27.8,42.025,31.450000000000003
2021-06-24 14:00:00,500.0,27.9,40.2,32.375
2021-06-24 15:00:00,515.5,27.95,41.025000000000006,33.4
2021-06-24 16:00:00,500.0,28.075000000000003,39.35,35.725
2021-06-24 17:00:00,511.5,28.15,38.3,36.8
2021-06-24 18:00:00,575.0,28.325,38.575,36.7
2021-06-24 19:00:00,1034.75,28.375,42.6,36.5
2021-06-24 20:00:00,902.0,28.4,42.725,35.625
2021-06-24 21:00:00,853.0,28.475,42.25,33.1
2021-06-24 22:00:00,812.75,28.5,41.6,29.9
2021-06-24 23:00:00,869.75,28.55,41.95,28.375
2021-06-25 00:00:00,990.75,27.6,41.825,27.2
2021-06-25 01:00:00,1544.25,26.625,55.1,26.25
2021-06-25 02:00:00,1840.75,26.7,52.6,25.65
2021-06-25 03:00:00,2009.75,26.55,52.825,25.1
2021-06-25 04:00:00,2180.75,26.775,53.375,24.475
2021-06-25 05:00:00,2359.25,26.55,56.0,23.8
2021-06-25 06:00:00,2327.5,26.9,55.525,23.25
2021-06-25 07:00:00,1632.75,27.45,53.5,25.050000000000004
2021-06-25 08:00:00,1011.0,27.675,50.7,23.550000000000004
2021-06-25 09:00:00,794.75,27.825,49.35,25.025
2021-06-25 10:00:00,706.75,27.924999999999997,49.125,27.0
2021-06-25 11:00:00,628.0,28.025,48.2,29.95
2021-06-25 12:00:00,578.5,28.1,46.1,31.85
2021-06-25 13:00:00,551.25,28.175,45.225,33.2
2021-06-25 14:00:00,539.0,28.275,44.55,34.125
2021-06-25 15:00:00,546.0,28.375,44.475,35.125
2021-06-25 16:00:00,759.75,27.049999999999997,42.275,36.8
2021-06-25 17:00:00,895.5,27.200000000000003,43.2,37.075
2021-06-25 18:00:00,846.75,28.05,43.55,37.6
2021-06-25 19:00:00,755.5,28.375,43.325,36.7
2021-06-25 20:00:00,682.25,28.575000000000003,43.349999999999994,34.75
2021-06-25 21:00:00,632.25,28.75,43.6,32.1
2021-06-25 22:00:00,610.5,28.875,43.775,29.9
2021-06-25 23:00:00,582.75,29.05,43.849999999999994,28.375
2021-06-26 00:00:00,565.25,29.125,44.225,26.975
2021-06-26 01:00:00,550.0,29.2,44.475,26.1
2021-06-26 02:00:00,544.75,29.225,45.05,25.55
2021-06-26 03:00:00,534.25,29.3,45.475,25.0
2021-06-26 04:00:00,528.5,29.3,45.925,24.65
2021-06-26 05:00:00,524.75,29.3,46.325,24.275
2021-06-26 06:00:00,514.0,29.25,46.475,23.625
2021-06-26 07:00:00,510.0,29.2,46.575,24.85
2021-06-26 08:00:00,507.75,29.2,46.625,25.5
2021-06-26 09:00:00,505.5,29.225,46.625,26.975
2021-06-26 10:00:00,508.75,29.3,46.324999999999996,28.125
2021-06-26 11:00:00,512.5,29.325,46.45,29.725
2021-06-26 12:00:00,523.0,29.4,46.55,31.35
2021-06-26 13:00:00,534.75,29.475,46.475,32.474999999999994
2021-06-26 14:00:00,525.0,29.5,45.875,32.95
2021-06-26 15:00:00,517.75,29.55,45.225,33.875
2021-06-26 16:00:00,509.0,29.6,44.125,35.25
2021-06-26 17:00:00,503.25,29.675,43.75,34.425
2021-06-26 18:00:00,500.0,29.725,44.1,35.2
2021-06-26 19:00:00,500.0,29.8,44.175,34.95
2021-06-26 20:00:00,501.5,29.875,44.025,32.9
2021-06-26 21:00:00,500.75,29.924999999999997,44.2,30.125
2021-06-26 22:00:00,507.25,30.0,44.475,27.675
2021-06-26 23:00:00,510.5,30.05,44.85,26.275
2021-06-27 00:00:00,511.25,30.1,45.3,25.425
2021-06-27 01:00:00,502.0,30.1,45.65,24.275
2021-06-27 02:00:00,514.0,30.1,45.975,23.075000000000003
2021-06-27 03:00:00,511.25,30.1,46.2,22.5
2021-06-27 04:00:00,514.0,30.05,46.349999999999994,21.9
2021-06-27 05:00:00,504.5,30.0,46.65,21.9
2021-06-27 06:00:00,500.0,29.95,46.9,21.5
2021-06-27 07:00:00,500.0,29.875,47.025,21.7
2021-06-27 08:00:00,500.0,29.8,47.2,23.075000000000003
2021-06-27 09:00:00,500.5,29.725,47.2,24.45
2021-06-27 10:00:00,500.0,29.675,47.150000000000006,26.225
2021-06-27 11:00:00,500.0,29.625,47.125,26.9
2021-06-27 12:00:00,500.0,29.6,46.875,28.700000000000003
2021-06-27 13:00:00,504.5,29.6,46.55,30.2
2021-06-27 14:00:00,501.75,29.6,45.9,31.1
2021-06-27 15:00:00,500.0,29.6,44.5,32.025000000000006
2021-06-27 16:00:00,500.0,29.6,42.9,33.475
2021-06-27 17:00:00,500.0,29.6,41.15,33.7
2021-06-27 18:00:00,503.0,29.675,39.175,33.400000000000006
2021-06-27 19:00:00,569.75,29.7,39.3,33.025000000000006
2021-06-27 20:00:00,643.25,29.725,41.7,30.6
2021-06-27 21:00:00,945.0,29.825,46.225,27.3
2021-06-27 22:00:00,951.75,29.8,43.8,25.25
2021-06-27 23:00:00,795.25,29.8,43.25,24.325
2021-06-28 00:00:00,599.5,28.55,46.6,23.025
2021-06-28 01:00:00,500.0,26.875,51.275,22.525
2021-06-28 02:00:00,500.0,26.825,49.775,21.8
2021-06-28 03:00:00,500.0,27.15,48.7,21.525
2021-06-28 04:00:00,524.0,27.275,48.8,21.525
2021-06-28 05:00:00,565.25,27.775,48.075,21.225
2021-06-28 06:00:00,528.25,27.725,40.125,21.15
2021-06-28 07:00:00,533.75,27.825,37.6,23.450000000000003
2021-06-28 08:00:00,637.0,28.125,39.6,20.825
2021-06-28 09:00:00,573.5,28.25,39.35,22.175
2021-06-28 10:00:00,530.25,28.375,39.1,23.9
2021-06-28 11:00:00,504.5,28.4,37.5,26.05
2021-06-28 12:00:00,503.0,28.5,36.85,27.525
2021-06-28 13:00:00,500.0,28.575000000000003,35.25,28.8
2021-06-28 14:00:00,500.0,28.6,34.425,29.75
2021-06-28 15:00:00,500.0,28.7,31.349999999999998,31.05
2021-06-28 16:00:00,507.75,28.7,31.175,32.275
2021-06-28 17:00:00,503.25,28.7,31.775,32.849999999999994
2021-06-28 18:00:00,536.25,28.8,33.575,32.075
2021-06-28 19:00:00,507.25,28.85,34.075,31.075
2021-06-28 20:00:00,540.5,28.9,34.875,29.55
2021-06-28 21:00:00,563.75,28.9,35.1,26.975
2021-06-28 22:00:00,530.0,28.875,36.7,24.7
2021-06-28 23:00:00,500.0,28.7,38.55,23.35
2021-06-29 00:00:00,531.0,28.125,40.15,22.225
2021-06-29 01:00:00,519.25,27.875,41.099999999999994,21.9
2021-06-29 02:00:00,542.0,27.95,41.9,21.3
2021-06-29 03:00:00,533.25,27.8,42.775,20.55
2021-06-29 04:00:00,524.5,27.6,43.525,20.05
2021-06-29 05:00:00,549.5,27.7,43.925,19.950000000000003
2021-06-29 06:00:00,579.0,27.825,44.125,20.075
2021-06-29 07:00:00,728.75,28.025,48.325,23.625
2021-06-29 08:00:00,700.0,28.175,47.875,21.35
2021-06-29 09:00:00,611.75,28.3,45.325,23.1
2021-06-29 10:00:00,565.5,28.4,43.3,25.1
2021-06-29 11:00:00,532.0,28.45,41.2,27.1
2021-06-29 12:00:00,509.25,28.5,40.449999999999996,29.125
2021-06-29 13:00:00,507.5,28.525,38.95,30.475
2021-06-29 14:00:00,509.5,28.6,38.775,31.4
2021-06-29 15:00:00,506.25,28.6,37.0,32.65
2021-06-29 16:00:00,506.5,28.675,35.075,35.650000000000006
2021-06-29 17:00:00,513.75,28.75,35.675,35.775
2021-06-29 18:00:00,511.5,28.9,35.175,34.775
2021-06-29 19:00:00,506.75,29.025,33.8,34.175
2021-06-29 20:00:00,643.0,29.1,36.6,32.974999999999994
2021-06-29 21:00:00,660.25,29.125,38.35,30.6
2021-06-29 22:00:00,643.5,29.075,36.05,28.225
2021-06-29 23:00:00,542.75,28.725,33.05,26.525
2021-06-30 00:00:00,730.0,27.5,35.125,25.1
2021-06-30 01:00:00,1084.25,24.725,36.075,23.775
2021-06-30 02:00:00,1184.25,23.875,37.1,22.75
2021-06-30 03:00:00,1233.75,23.65,40.75,22.225
2021-06-30 04:00:00,1284.75,23.55,44.575,21.875
2021-06-30 05:00:00,1318.75,23.650000000000002,48.575,21.325000000000003
2021-06-30 06:00:00,1352.75,23.7,49.4,20.675
2021-06-30 07:00:00,967.0,25.475,52.7,22.325000000000003
2021-06-30 08:00:00,694.5,26.6,47.175,22.375
2021-06-30 09:00:00,639.5,27.15,45.625,23.625
2021-06-30 10:00:00,579.0,27.525,44.725,25.675
2021-06-30 11:00:00,538.0,27.775,43.475,27.85
2021-06-30 12:00:00,512.0,27.975,41.6,29.4
2021-06-30 13:00:00,500.0,28.125,38.3,31.0
2021-06-30 14:00:00,500.0,28.25,38.475,32.1
2021-06-30 15:00:00,500.0,28.425,37.525,33.525
2021-06-30 16:00:00,500.0,28.6,38.1,35.225
2021-06-30 17:00:00,500.0,28.825,36.85,36.025000000000006
2021-06-30 18:00:00,500.0,29.025,36.5,35.525
2021-06-30 19:00:00,550.5,29.1,39.15,35.099999999999994
2021-06-30 20:00:00,623.25,29.15,42.25,34.15
2021-06-30 21:00:00,652.0,29.2,42.25,31.975
2021-06-30 22:00:00,645.0,29.25,42.25,29.825
2021-06-30 23:00:00,616.25,29.25,40.85,28.275
2021-07-01 00:00:00,508.0,28.55,36.625,26.075
2021-07-01 01:00:00,500.0,28.125,36.775,24.925
2021-07-01 02:00:00,500.0,28.025,34.925,24.175
2021-07-01 03:00:00,500.0,27.8,35.675,23.375
2021-07-01 04:00:00,500.0,27.6,39.35,22.75
2021-07-01 05:00:00,500.0,27.65,41.45,22.55
2021-07-01 06:00:00,517.0,27.825,41.425,22.375
2021-07-01 07:00:00,559.75,27.975,42.325,24.15
2021-07-01 08:00:00,743.75,28.45,47.45,23.75
2021-07-01 09:00:00,693.25,28.625,44.975,25.275
2021-07-01 10:00:00,742.5,28.725,43.85,26.65
2021-07-01 11:00:00,961.0,28.875,45.65,28.7
2021-07-01 12:00:00,1118.75,29.05,46.425,30.525
2021-07-01 13:00:00,1040.5,29.125,46.5,31.675
2021-07-01 14:00:00,952.25,29.2,46.025,32.45
2021-07-01 15:00:00,864.5,29.3,45.875,33.325
2021-07-01 16:00:00,822.5,29.35,45.875,35.15
2021-07-01 17:00:00,788.0,29.424999999999997,45.45,35.65
2021-07-01 18:00:00,767.25,29.525,45.35,35.075
2021-07-01 19:00:00,809.25,29.45,40.025000000000006,34.475
2021-07-01 20:00:00,1059.25,29.25,41.025,33.224999999999994
2021-07-01 21:00:00,1809.5,28.8,38.05,30.975
2021-07-01 22:00:00,1715.0,29.375,40.325,28.325
2021-07-01 23:00:00,1865.25,27.55,42.925,26.925
2021-07-02 00:00:00,2183.25,27.299999999999997,53.85,25.575000000000003
2021-07-02 01:00:00,2264.0,27.275,56.45,23.85
2021-07-02 02:00:00,2284.5,27.15,57.725,22.55
2021-07-02 03:00:00,2321.75,27.175,57.0,22.175000000000004
2021-07-02 04:00:00,2377.0,27.15,58.0,21.85
2021-07-02 05:00:00,2544.75,27.125,57.85,21.8
2021-07-02 06:00:00,2709.5,27.225,59.05,21.475
2021-07-02 07:00:00,1608.5,27.375,54.05,23.575
2021-07-02 08:00:00,733.0,28.025,49.95,23.225
2021-07-02 09:00:00,618.25,28.3,48.75,24.625
2021-07-02 10:00:00,539.0,28.5,48.2,26.275
2021-07-02 11:00:00,514.0,28.675,46.9,28.625
2021-07-02 12:00:00,500.0,28.85,44.85,30.725
2021-07-02 13:00:00,500.0,29.0,43.25,31.975
2021-07-02 14:00:00,500.0,29.1,39.675,32.825
2021-07-02 15:00:00,515.5,29.2,40.15,34.300000000000004
2021-07-02 16:00:00,747.25,27.65,42.25,37.975
2021-07-02 17:00:00,955.25,27.6,46.275,38.6
2021-07-02 18:00:00,828.0,28.6,44.0,38.025
2021-07-02 19:00:00,870.0,29.0,43.35,36.625
2021-07-02 20:00:00,869.75,29.225,40.15,35.9
2021-07-02 21:00:00,1064.75,29.35,38.725,32.45
2021-07-02 22:00:00,815.5,29.45,36.9,29.75
2021-07-02 23:00:00,642.25,29.525,36.0,28.225
2021-07-03 00:00:00,899.5,27.925,36.8,26.475
2021-07-03 01:00:00,1542.25,26.45,45.15,24.5
2021-07-03 02:00:00,1839.25,26.525,54.075,23.675
2021-07-03 03:00:00,2066.75,26.5,51.475,23.15
2021-07-03 04:00:00,2268.75,26.375,54.75,22.8
2021-07-03 05:00:00,2363.0,26.325,55.325,22.525
2021-07-03 06:00:00,2416.75,26.375,54.775,22.175
2021-07-03 07:00:00,2421.75,26.175,55.4,26.825000000000003
2021-07-03 08:00:00,2392.0,26.125,53.0,24.250000000000004
2021-07-03 09:00:00,1331.25,26.575,50.925,26.175
2021-07-03 10:00:00,911.75,27.575,46.825,28.225
2021-07-03 11:00:00,908.75,27.5,44.5,29.75
2021-07-03 12:00:00,1311.25,28.025,52.5,31.725
2021-07-03 13:00:00,1369.0,28.4,48.15,33.125
2021-07-03 14:00:00,1320.5,28.65,45.95,33.875
2021-07-03 15:00:00,1201.0,28.65,45.775,35.025
2021-07-03 16:00:00,1355.5,26.875,41.699999999999996,37.375
2021-07-03 17:00:00,1318.25,26.3,41.85,37.900000000000006
2021-07-03 18:00:00,1228.75,27.25,47.675,36.3
2021-07-03 19:00:00,1211.25,28.3,51.2,36.35
2021-07-03 20:00:00,1311.0,28.9,50.175,35.2
2021-07-03 21:00:00,1157.75,29.2,47.0,32.375
2021-07-03 22:00:00,1041.0,29.4,45.675,29.65
2021-07-03 23:00:00,986.75,29.525,45.15,27.725
2021-07-04 00:00:00,1218.25,27.7,45.275,26.875
2021-07-04 01:00:00,1562.5,27.0,53.475,26.75
2021-07-04 02:00:00,1901.5,27.125,57.45,26.525
2021-07-04 03:00:00,2066.25,27.05,58.3,25.875
2021-07-04 04:00:00,2218.75,27.125,59.025,25.450000000000003
2021-07-04 05:00:00,2265.0,27.075,60.325,24.925
2021-07-04 06:00:00,2361.0,27.125,58.925,24.700000000000003
2021-07-04 07:00:00,2444.0,27.075,59.2,27.175
2021-07-04 08:00:00,1643.25,27.625,56.05,24.575
2021-07-04 09:00:00,1086.0,28.45,52.275,25.825
2021-07-04 10:00:00,875.75,28.85,50.25,27.3
2021-07-04 11:00:00,772.0,29.1,49.05,29.4
2021-07-04 12:00:00,678.5,29.3,47.15,30.925
2021-07-04 13:00:00,759.75,28.65,46.325,32.125
2021-07-04 14:00:00,798.75,28.725,45.05,32.900000000000006
2021-07-04 15:00:00,719.25,29.2,43.925,34.075
2021-07-04 16:00:00,640.5,29.45,42.875,35.900000000000006
2021-07-04 17:00:00,605.0,29.625,41.650000000000006,36.675
2021-07-04 18:00:00,638.75,29.75,42.0,36.650000000000006
2021-07-04 19:00:00,792.5,29.85,41.575,34.925000000000004
2021-07-04 20:00:00,617.25,30.0,43.025,32.7
2021-07-04 21:00:00,579.25,30.075000000000003,44.45,29.775
2021-07-04 22:00:00,544.25,30.1,44.4,27.425
2021-07-04 23:00:00,518.25,30.1,44.625,26.275
2021-07-05 00:00:00,511.5,29.775,45.1,25.725
2021-07-05 01:00:00,506.75,29.3,44.85,25.4
2021-07-05 02:00:00,502.25,29.1,44.925,25.1
2021-07-05 03:00:00,500.0,28.85,45.775,24.2
2021-07-05 04:00:00,500.0,28.65,46.45,23.875
2021-07-05 05:00:00,501.0,28.575000000000003,45.650000000000006,23.7
2021-07-05 06:00:00,519.25,28.675,45.650000000000006,23.6
2021-07-05 07:00:00,574.5,28.85,46.65,26.4
2021-07-05 08:00:00,746.75,29.475,47.325,25.475
2021-07-05 09:00:00,735.25,29.625,45.25,26.675
2021-07-05 10:00:00,834.0,29.475,38.075,28.125
2021-07-05 11:00:00,803.75,29.65,40.8,30.025
2021-07-05 12:00:00,776.0,29.825,42.425,31.950000000000003
2021-07-05 13:00:00,769.0,29.875,42.175,33.6
2021-07-05 14:00:00,728.5,30.0,42.95,34.55
2021-07-05 15:00:00,720.75,30.1,42.85,35.55
2021-07-05 16:00:00,866.75,30.25,45.3,36.775000000000006
2021-07-05 17:00:00,866.5,30.3,44.175,36.4
2021-07-05 18:00:00,736.75,30.35,43.025,38.325
2021-07-05 19:00:00,763.75,30.5,42.65,37.0
2021-07-05 20:00:00,864.0,30.5,38.15,33.875
2021-07-05 21:00:00,850.0,30.575000000000003,38.625,31.55
2021-07-05 22:00:00,798.5,30.725,40.675,29.225
2021-07-05 23:00:00,739.75,30.8,41.4,27.05
2021-07-06 00:00:00,1173.0,28.1,39.4,25.725
2021-07-06 01:00:00,1716.25,27.575,49.0,25.200000000000003
2021-07-06 02:00:00,2085.5,27.8,56.125,24.725
2021-07-06 03:00:00,2329.25,27.675,56.1,24.325
2021-07-06 04:00:00,2509.0,27.65,58.05,23.7
2021-07-06 05:00:00,2647.0,27.65,59.375,23.075
2021-07-06 06:00:00,2667.5,27.525,58.525,22.5
2021-07-06 07:00:00,2041.5,27.8,59.475,24.875
2021-07-06 08:00:00,1035.0,28.825,53.35,24.175
2021-07-06 09:00:00,811.75,29.225,50.2,24.8
2021-07-06 10:00:00,654.5,29.475,47.8,26.45
2021-07-06 11:00:00,574.0,29.675,46.375,27.975
2021-07-06 12:00:00,528.5,29.8,44.525000000000006,30.05
2021-07-06 13:00:00,500.0,29.924999999999997,43.425,31.35
2021-07-06 14:00:00,500.0,30.05,42.975,32.225
2021-07-06 15:00:00,509.0,30.175,43.1,33.25
2021-07-06 16:00:00,533.25,30.2,43.875,35.925
2021-07-06 17:00:00,563.5,30.275,43.275,36.35
2021-07-06 18:00:00,597.0,30.325,43.175,35.525
2021-07-06 19:00:00,688.0,30.275,39.325,34.35
2021-07-06 20:00:00,673.75,30.4,41.3,33.050000000000004
2021-07-06 21:00:00,676.75,30.45,42.8,30.75
2021-07-06 22:00:00,1136.5,30.55,41.875,28.9
2021-07-06 23:00:00,1034.75,30.6,43.175,28.025
2021-07-07 00:00:00,1362.0,29.075000000000003,42.275,27.675
2021-07-07 01:00:00,1621.5,27.425,43.425,27.025
2021-07-07 02:00:00,1850.0,27.275,51.65,26.225
2021-07-07 03:00:00,2106.0,27.375,57.8,25.225
2021-07-07 04:00:00,2251.25,27.4,56.075,24.35
2021-07-07 05:00:00,2328.0,27.3,57.55,23.525
2021-07-07 06:00:00,2387.25,27.25,57.125,22.625
2021-07-07 07:00:00,1511.0,28.0,53.5,23.950000000000003
2021-07-07 08:00:00,858.5,28.75,43.825,21.15
2021-07-07 09:00:00,701.75,29.075,41.375,22.075
2021-07-07 10:00:00,628.75,29.25,40.55,23.925
2021-07-07 11:00:00,575.0,29.375,39.325,26.05
2021-07-07 12:00:00,547.5,29.5,38.425,27.825000000000003
2021-07-07 13:00:00,529.25,29.525,37.125,28.725
2021-07-07 14:00:00,515.75,29.6,35.825,29.8
2021-07-07 15:00:00,513.5,29.7,35.5,30.95
2021-07-07 16:00:00,721.75,29.625,34.9,33.925
2021-07-07 17:00:00,1138.5,29.625,35.825,34.0
2021-07-07 18:00:00,1164.5,29.65,35.25,33.625
2021-07-07 19:00:00,1024.5,29.725,36.65,32.275
2021-07-07 20:00:00,931.75,29.85,38.025,30.95
2021-07-07 21:00:00,965.5,29.95,40.125,28.975
2021-07-07 22:00:00,919.75,29.575,41.650000000000006,27.2
2021-07-07 23:00:00,1306.5,27.25,43.45,25.950000000000003
2021-07-08 00:00:00,1670.5,27.275,52.775,24.9
2021-07-08 01:00:00,1924.5,27.225,56.475,24.275
2021-07-08 02:00:00,2102.25,27.225,57.15,24.325
2021-07-08 03:00:00,2317.75,27.225,57.35,24.475
2021-07-08 04:00:00,2438.25,27.25,58.675,24.1
2021-07-08 05:00:00,2391.0,27.225,57.975,23.55
2021-07-08 06:00:00,2329.25,27.2,57.175,23.1
2021-07-08 07:00:00,1434.75,27.85,52.0,25.1
2021-07-08 08:00:00,1040.5,28.5,44.25,23.775
2021-07-08 09:00:00,793.25,28.75,40.925,25.125
2021-07-08 10:00:00,657.75,28.924999999999997,38.85,27.075000000000003
2021-07-08 11:00:00,576.5,29.075000000000003,37.175,29.125
2021-07-08 12:00:00,538.5,29.175,35.625,30.8
2021-07-08 13:00:00,524.5,29.3,34.95,32.075
2021-07-08 14:00:00,508.5,29.424999999999997,32.45,32.7
2021-07-08 15:00:00,513.0,29.5,32.825,33.65
2021-07-08 16:00:00,510.75,29.575000000000003,33.75,36.900000000000006
2021-07-08 17:00:00,500.0,29.7,31.875,37.225
2021-07-08 18:00:00,504.5,29.825,32.075,38.25
2021-07-08 19:00:00,544.75,29.924999999999997,32.175,38.2
2021-07-08 20:00:00,608.75,30.05,34.55,37.15
2021-07-08 21:00:00,612.0,30.225,33.1,35.0
2021-07-08 22:00:00,529.25,30.375,27.325000000000003,31.925000000000004
2021-07-08 23:00:00,840.75,27.4,37.45,29.675
2021-07-09 00:00:00,1117.75,26.675,42.5,28.2
2021-07-09 01:00:00,1340.5,27.175,43.425,27.275
2021-07-09 02:00:00,1465.75,26.75,47.125,26.6
2021-07-09 03:00:00,1563.5,26.85,46.425,26.200000000000003
2021-07-09 04:00:00,1676.0,26.725,47.825,25.8
2021-07-09 05:00:00,1793.75,26.8,48.75,24.525
2021-07-09 06:00:00,1791.5,26.674999999999997,48.375,24.15
2021-07-09 07:00:00,1662.25,27.35,46.6,25.325
2021-07-09 08:00:00,957.75,28.475,44.0,24.8
2021-07-09 09:00:00,779.25,28.975,41.95,26.5
2021-07-09 10:00:00,709.0,29.05,41.2,29.475
2021-07-09 11:00:00,779.25,26.15,43.5,31.875
2021-07-09 12:00:00,708.5,26.875,47.55,33.275
2021-07-09 13:00:00,622.75,28.375,42.425,34.724999999999994
2021-07-09 14:00:00,621.5,29.05,40.2,35.725
2021-07-09 15:00:00,686.25,28.575,38.1,36.7
2021-07-09 16:00:00,988.0,26.0,41.8,38.425
2021-07-09 17:00:00,994.5,26.375,51.35,40.125
2021-07-09 18:00:00,959.75,27.275,44.025,40.825
2021-07-09 19:00:00,1025.5,28.425,39.45,40.225
2021-07-09 20:00:00,1226.25,29.1,42.2,38.475
2021-07-09 21:00:00,1094.5,29.375,38.425,35.05
2021-07-09 22:00:00,1004.0,29.675,38.625,32.225
2021-07-09 23:00:00,879.0,29.925,39.525000000000006,30.175
2021-07-10 00:00:00,830.0,29.575000000000003,40.125,29.025
2021-07-10 01:00:00,1337.5,27.275,45.45,28.9
2021-07-10 02:00:00,1723.0,27.35,50.675,28.3
2021-07-10 03:00:00,2025.25,27.575000000000003,54.175,27.675
2021-07-10 04:00:00,2211.75,27.3,54.95,26.95
2021-07-10 05:00:00,2272.25,27.400000000000002,56.25,26.225
2021-07-10 06:00:00,2305.25,27.225,54.975,26.0
2021-07-10 07:00:00,2275.75,27.049999999999997,54.2,25.8
2021-07-10 08:00:00,2259.0,27.0,53.625,26.225
2021-07-10 09:00:00,1833.0,27.275,53.1,27.875
2021-07-10 10:00:00,1118.5,28.4,47.975,30.175
2021-07-10 11:00:00,899.5,29.1,45.15,32.675
2021-07-10 12:00:00,757.5,29.475,41.95,34.85
2021-07-10 13:00:00,1359.0,29.875,50.2,36.8
2021-07-10 14:00:00,1420.75,30.1,44.7,38.15
2021-07-10 15:00:00,1174.0,30.25,43.2,39.325
2021-07-10 16:00:00,969.0,30.4,41.85,42.875
2021-07-10 17:00:00,841.75,30.6,40.975,43.575
2021-07-10 18:00:00,746.5,30.75,40.650000000000006,43.0
2021-07-10 19:00:00,684.5,30.95,40.725,41.275000000000006
2021-07-10 20:00:00,637.75,31.1,41.025,39.95
2021-07-10 21:00:00,617.5,31.3,41.3,38.25
2021-07-10 22:00:00,634.5,31.45,42.0,36.825
2021-07-10 23:00:00,1549.0,29.075,41.3,35.275
2021-07-11 00:00:00,1691.25,28.15,42.95,33.075
2021-07-11 01:00:00,1635.0,28.4,56.175,31.325
2021-07-11 02:00:00,1690.25,28.325,58.075,30.225
2021-07-11 03:00:00,1774.0,28.275,54.65,29.85
2021-07-11 04:00:00,1826.5,28.325,58.25,29.475
2021-07-11 05:00:00,1870.75,28.375,57.400000000000006,28.95
2021-07-11 06:00:00,1950.6666666666667,28.333333333333332,56.199999999999996,28.525
2021-07-11 07:00:00,2037.0,28.2,59.6,28.7
2021-07-11 08:00:00,2034.25,28.225,56.9,29.85
2021-07-11 09:00:00,1731.0,28.45,56.6,31.0
2021-07-11 10:00:00,1037.5,29.675,50.25,32.5
2021-07-11 11:00:00,972.0,30.15,46.875,34.6
2021-07-11 12:00:00,975.25,30.45,45.7,35.65
2021-07-11 13:00:00,1284.0,30.575000000000003,45.6,38.0
2021-07-11 14:00:00,1217.25,30.75,46.7,38.650000000000006
2021-07-11 15:00:00,1169.5,30.95,45.6,39.4
2021-07-11 16:00:00,1087.75,31.125,45.349999999999994,39.0
2021-07-11 17:00:00,1077.5,31.25,46.099999999999994,38.85
2021-07-11 18:00:00,1100.25,31.375,45.45,38.925
2021-07-11 19:00:00,1145.25,31.475,44.675,35.925
2021-07-11 20:00:00,1013.0,31.65,46.150000000000006,33.400000000000006
2021-07-11 21:00:00,971.0,31.8,49.175,31.325
2021-07-11 22:00:00,944.0,31.9,48.925,29.325000000000003
2021-07-11 23:00:00,645.75,31.15,52.475,27.075
2021-07-12 00:00:00,741.75,29.725,46.275,26.6
2021-07-12 01:00:00,1306.75,28.0,42.725,26.2
2021-07-12 02:00:00,1642.0,27.825,52.45,25.85
2021-07-12 03:00:00,1835.25,27.85,55.85,25.375
2021-07-12 04:00:00,1965.75,27.95,53.65,24.925
2021-07-12 05:00:00,2070.75,27.925,58.25,24.5
2021-07-12 06:00:00,2147.75,27.9,58.275,23.85
2021-07-12 07:00:00,1280.75,28.55,55.525,24.05
2021-07-12 08:00:00,732.5,29.45,54.775,26.425
2021-07-12 09:00:00,608.0,29.85,52.85,27.175
2021-07-12 10:00:00,555.25,30.2,48.6,28.6
2021-07-12 11:00:00,539.75,30.4,42.55,30.425
2021-07-12 12:00:00,518.75,30.525,36.0,32.325
2021-07-12 13:00:00,503.75,30.65,35.075,33.45
2021-07-12 14:00:00,511.75,30.775,31.974999999999998,34.175000000000004
2021-07-12 15:00:00,513.0,30.9,29.5,35.225
2021-07-12 16:00:00,518.5,30.975,31.525,38.35
2021-07-12 17:00:00,633.5,30.9,32.425,38.575
2021-07-12 18:00:00,661.75,30.9,35.025,38.5
2021-07-12 19:00:00,996.75,31.05,37.325,37.1
2021-07-12 20:00:00,956.25,31.1,36.875,34.724999999999994
2021-07-12 21:00:00,909.25,31.15,36.725,31.775
2021-07-12 22:00:00,936.0,31.2,37.05,29.425
2021-07-12 23:00:00,1157.25,30.275,37.175,28.275
2021-07-13 00:00:00,1759.0,27.95,41.1,27.35
2021-07-13 01:00:00,2186.5,27.525,46.85,26.2
2021-07-13 02:00:00,2519.75,27.775,54.875,25.25
2021-07-13 03:00:00,2751.25,27.425,53.825,24.3
2021-07-13 04:00:00,2918.25,27.6,53.95,23.6
2021-07-13 05:00:00,3006.75,27.4,54.95,22.875
2021-07-13 06:00:00,3017.5,27.3,54.475,22.200000000000003
2021-07-13 07:00:00,1863.75,27.849999999999998,51.025,24.45
2021-07-13 08:00:00,710.75,28.825,39.775,21.925
2021-07-13 09:00:00,603.0,29.2,37.95,23.075
2021-07-13 10:00:00,552.0,29.4,37.375,25.025
2021-07-13 11:00:00,514.5,29.55,36.425,27.025
2021-07-13 12:00:00,508.75,29.65,35.075,28.65
2021-07-13 13:00:00,500.0,29.725,33.775,29.950000000000003
2021-07-13 14:00:00,500.0,29.825,33.3,30.325
2021-07-13 15:00:00,502.75,29.9,34.425,31.25
2021-07-13 16:00:00,532.0,29.975,34.7,33.725
2021-07-13 17:00:00,521.0,30.0,31.2,34.575
2021-07-13 18:00:00,685.0,30.1,34.650000000000006,36.075
2021-07-13 19:00:00,827.5,30.15,35.625,34.925
2021-07-13 20:00:00,931.75,30.25,40.675,33.175
2021-07-13 21:00:00,1074.5,30.424999999999997,43.325,30.225
2021-07-13 22:00:00,1090.0,30.5,41.275,28.45
2021-07-13 23:00:00,604.25,29.875,33.925,27.375
2021-07-14 00:00:00,500.0,28.575,36.074999999999996,25.825
2021-07-14 01:00:00,500.0,27.6,40.525,24.525
2021-07-14 02:00:00,500.0,27.55,42.675,23.775
2021-07-14 03:00:00,500.0,27.4,42.125,23.05
2021-07-14 04:00:00,500.0,27.75,42.0,22.75
2021-07-14 05:00:00,500.75,27.9,43.45,22.525
2021-07-14 06:00:00,526.0,27.9,43.15,22.325
2021-07-14 07:00:00,557.0,28.35,43.625,24.675
2021-07-14 08:00:00,615.0,28.925,42.725,23.375
2021-07-14 09:00:00,583.25,29.15,41.975,24.75
2021-07-14 10:00:00,562.0,29.325,41.475,26.500000000000004
2021-07-14 11:00:00,545.25,29.45,41.1,28.475
2021-07-14 12:00:00,542.0,29.55,40.625,30.35
2021-07-14 13:00:00,539.75,29.65,40.375,32.1
2021-07-14 14:00:00,540.0,29.75,40.125,32.725
2021-07-14 15:00:00,577.75,29.875,40.425,33.825
2021-07-14 16:00:00,578.75,29.95,40.125,37.825
2021-07-14 17:00:00,599.75,30.05,39.675,39.325
2021-07-14 18:00:00,629.75,30.15,39.35,39.725
2021-07-14 19:00:00,831.5,30.25,39.175,39.25
2021-07-14 20:00:00,888.25,30.35,38.975,37.85
2021-07-14 21:00:00,1087.75,30.5,42.875,34.099999999999994
2021-07-14 22:00:00,1129.5,30.625,43.5,29.5
2021-07-14 23:00:00,1045.5,30.55,42.125,28.5
2021-07-15 00:00:00,518.5,29.55,41.475,27.275
2021-07-15 01:00:00,525.0,29.4,39.175,26.55
2021-07-15 02:00:00,513.75,29.2,41.7,25.725
2021-07-15 03:00:00,532.0,29.3,44.625,25.200000000000003
2021-07-15 04:00:00,554.5,29.475,45.225,24.675
2021-07-15 05:00:00,500.0,29.4,44.175,24.625
2021-07-15 06:00:00,501.5,29.0,46.0,23.8
2021-07-15 07:00:00,641.0,29.275,46.025,25.5
2021-07-15 08:00:00,704.5,29.7,46.175,25.375
2021-07-15 09:00:00,655.75,29.85,45.075,26.325000000000003
2021-07-15 10:00:00,621.5,29.924999999999997,44.7,28.6
2021-07-15 11:00:00,599.0,30.05,44.25,31.025
2021-07-15 12:00:00,582.0,30.1,43.55,32.875
2021-07-15 13:00:00,580.75,30.2,43.4,34.2
2021-07-15 14:00:00,578.0,30.3,42.775,34.8
2021-07-15 15:00:00,601.5,30.35,42.475,35.925
2021-07-15 16:00:00,584.5,30.45,42.0,39.725
2021-07-15 17:00:00,623.0,30.525,41.875,40.725
2021-07-15 18:00:00,681.75,30.625,42.15,41.4
2021-07-15 19:00:00,841.25,30.725,41.45,39.525000000000006
2021-07-15 20:00:00,1065.75,30.9,44.125,36.9
2021-07-15 21:00:00,1068.25,31.025,42.375,33.925000000000004
2021-07-15 22:00:00,1003.0,31.1,42.95,31.275
2021-07-15 23:00:00,643.0,31.0,38.525000000000006,29.975
2021-07-16 00:00:00,593.75,30.725,35.525,29.075
2021-07-16 01:00:00,669.25,30.025,37.1,28.475
2021-07-16 02:00:00,1239.75,28.4,44.650000000000006,27.775
2021-07-16 03:00:00,1684.5,28.1,48.275,27.3
2021-07-16 04:00:00,2012.5,28.225,51.2,26.975
2021-07-16 05:00:00,2238.5,28.15,49.9,26.075
2021-07-16 06:00:00,2365.25,28.1,49.425,25.6
2021-07-16 07:00:00,969.5,28.7,43.175,26.25
2021-07-16 08:00:00,612.25,29.45,40.85,25.225
2021-07-16 09:00:00,605.0,29.825,40.849999999999994,26.675
2021-07-16 10:00:00,574.75,30.05,40.824999999999996,28.9
2021-07-16 11:00:00,602.75,30.25,40.9,31.55
2021-07-16 12:00:00,580.25,30.375,39.075,33.849999999999994
2021-07-16 13:00:00,560.0,30.5,38.625,35.474999999999994
2021-07-16 14:00:00,544.0,30.625,38.05,36.325
2021-07-16 15:00:00,534.5,30.7,37.400000000000006,37.6
2021-07-16 16:00:00,531.5,30.825,36.8,40.55
2021-07-16 17:00:00,674.25,29.5,38.175,41.125
2021-07-16 18:00:00,718.0,30.225,38.625,41.900000000000006
2021-07-16 19:00:00,683.5,30.675,39.025,40.75
2021-07-16 20:00:00,638.75,30.95,39.3,39.05
2021-07-16 21:00:00,619.0,31.2,39.575,36.6
2021-07-16 22:00:00,614.25,31.375,39.625,34.15
2021-07-16 23:00:00,603.0,31.525,39.650000000000006,32.400000000000006
2021-07-17 00:00:00,600.0,31.625,39.824999999999996,30.65
2021-07-17 01:00:00,600.75,31.7,39.875,29.4
2021-07-17 02:00:00,586.25,31.8,39.875,28.775
2021-07-17 03:00:00,580.75,31.8,40.2,28.3
2021-07-17 04:00:00,573.25,31.8,40.275,27.200000000000003
2021-07-17 05:00:00,557.5,31.8,40.375,25.575
2021-07-17 06:00:00,549.25,31.8,40.324999999999996,25.050000000000004
2021-07-17 07:00:00,545.25,31.725,40.324999999999996,25.275
2021-07-17 08:00:00,538.75,31.7,40.349999999999994,26.85
2021-07-17 09:00:00,532.0,31.7,40.4,28.075000000000003
2021-07-17 10:00:00,528.75,31.7,40.425,29.6
2021-07-17 11:00:00,537.5,31.75,40.475,31.55
2021-07-17 12:00:00,531.75,31.8,40.425,33.800000000000004
2021-07-17 13:00:00,642.25,31.025,37.225,35.6
2021-07-17 14:00:00,809.5,30.1,37.6,36.675
2021-07-17 15:00:00,777.75,31.15,39.55,37.825
2021-07-17 16:00:00,724.5,31.5,39.1,39.925
2021-07-17 17:00:00,686.75,31.675,39.575,39.55
2021-07-17 18:00:00,652.75,31.85,39.5,39.9
2021-07-17 19:00:00,647.5,31.975,39.375,39.8
2021-07-17 20:00:00,656.75,32.075,39.075,36.7
2021-07-17 21:00:00,669.75,32.175000000000004,39.025,33.325
2021-07-17 22:00:00,688.0,32.25,39.175,30.35
2021-07-17 23:00:00,705.75,32.324999999999996,39.275,28.45
2021-07-18 00:00:00,829.25,30.6,36.0,26.775
2021-07-18 01:00:00,1021.5,28.35,35.625,26.0
2021-07-18 02:00:00,1087.0,28.025,44.375,25.475
2021-07-18 03:00:00,1160.75,27.9,49.625,24.725
2021-07-18 04:00:00,1184.0,27.9,52.55,24.275
2021-07-18 05:00:00,1196.0,27.75,50.95,24.0
2021-07-18 06:00:00,1211.0,27.875,50.925,23.675
2021-07-18 07:00:00,1255.75,28.325,50.325,24.925
2021-07-18 08:00:00,1459.25,29.4,48.825,25.75
2021-07-18 09:00:00,1437.5,29.875,48.275,27.0
2021-07-18 10:00:00,969.0,30.25,44.825,28.65
2021-07-18 11:00:00,876.5,30.45,43.475,30.775
2021-07-18 12:00:00,800.5,30.65,42.95,32.425
2021-07-18 13:00:00,762.0,30.775,42.675,33.974999999999994
2021-07-18 14:00:00,789.25,30.9,42.15,34.875
2021-07-18 15:00:00,782.5,31.0,41.975,35.4
2021-07-18 16:00:00,729.0,31.1,41.85,34.925
2021-07-18 17:00:00,737.0,31.2,42.525,35.025
2021-07-18 18:00:00,705.25,31.25,42.675,35.025
2021-07-18 19:00:00,910.75,30.525,37.6,33.425
2021-07-18 20:00:00,825.75,31.05,39.35,31.5
2021-07-18 21:00:00,751.25,31.25,40.725,28.775
2021-07-18 22:00:00,679.5,31.325,41.525,26.5
2021-07-18 23:00:00,766.25,30.475,40.825,25.4
2021-07-19 00:00:00,1536.0,28.525,44.2,24.85
2021-07-19 01:00:00,1912.25,28.325,50.25,24.35
2021-07-19 02:00:00,1984.0,27.975,50.15,23.975
2021-07-19 03:00:00,2019.0,28.025,54.7,23.275
2021-07-19 04:00:00,2054.0,27.825,54.725,22.65
2021-07-19 05:00:00,2064.25,27.8,57.5,22.175
2021-07-19 06:00:00,2097.75,27.825000000000003,57.825,21.700000000000003
2021-07-19 07:00:00,1535.25,27.875,59.1,22.025
2021-07-19 08:00:00,675.0,28.6,55.075,23.85
2021-07-19 09:00:00,552.75,29.1,52.275,25.125
2021-07-19 10:00:00,516.5,29.4,50.575,26.85
2021-07-19 11:00:00,500.0,29.55,48.425,28.15
2021-07-19 12:00:00,500.0,29.75,47.275,29.5
2021-07-19 13:00:00,500.0,29.85,46.275,30.975
2021-07-19 14:00:00,500.0,30.025,45.625,31.675
2021-07-19 15:00:00,500.0,30.175,44.05,33.05
2021-07-19 16:00:00,500.0,30.3,42.975,33.150000000000006
2021-07-19 17:00:00,580.5,30.375,43.75,34.7
2021-07-19 18:00:00,643.75,30.5,45.125,34.525
2021-07-19 19:00:00,841.5,30.6,51.925,32.425000000000004
2021-07-19 20:00:00,838.25,30.6,48.65,30.425000000000004
2021-07-19 21:00:00,878.0,30.6,44.525000000000006,27.125
2021-07-19 22:00:00,709.0,30.2,44.075,25.4
2021-07-19 23:00:00,1309.5,29.05,49.625,23.975
2021-07-20 00:00:00,500.0,28.375,52.2,22.675
2021-07-20 01:00:00,500.0,27.3,56.55,21.875
2021-07-20 02:00:00,500.0,26.85,57.625,21.5
2021-07-20 03:00:00,500.0,26.5,58.65,21.625
2021-07-20 04:00:00,500.0,25.9,59.125,21.3
2021-07-20 05:00:00,500.0,25.4,59.35,20.95
2021-07-20 06:00:00,500.0,24.85,59.9,20.700000000000003
2021-07-20 07:00:00,500.0,25.225,58.775,20.675
2021-07-20 08:00:00,558.75,26.75,54.65,22.700000000000003
2021-07-20 09:00:00,534.5,27.575,52.074999999999996,23.500000000000004
2021-07-20 10:00:00,521.25,28.05,50.5,25.45
2021-07-20 11:00:00,519.5,28.65,48.75,27.175
2021-07-20 12:00:00,513.75,28.9,47.925,27.8
2021-07-20 13:00:00,506.5,28.95,47.55,29.0
2021-07-20 14:00:00,508.0,29.0,47.175,29.85
2021-07-20 15:00:00,514.5,29.0,47.15,31.075000000000003
2021-07-20 16:00:00,522.0,29.1,46.85,32.925
2021-07-20 17:00:00,563.0,29.125,46.05,33.85
2021-07-20 18:00:00,695.75,29.1,45.175,33.725
2021-07-20 19:00:00,709.75,29.2,44.8,32.900000000000006
2021-07-20 20:00:00,700.25,29.225,44.975,31.6
2021-07-20 21:00:00,711.25,29.35,45.15,29.075
2021-07-20 22:00:00,709.25,29.424999999999997,45.55,27.3
2021-07-20 23:00:00,856.0,29.075,44.825,26.575000000000003
2021-07-21 00:00:00,1573.0,27.7,51.85,25.225
2021-07-21 01:00:00,2009.5,28.125,57.3,23.725
2021-07-21 02:00:00,2310.75,28.05,58.4,22.925
2021-07-21 03:00:00,2564.25,28.25,58.25,22.25
2021-07-21 04:00:00,2751.0,28.375,58.25,21.975
2021-07-21 05:00:00,2951.0,28.425,58.125,22.075
2021-07-21 06:00:00,3105.0,28.475,58.05,21.825000000000003
2021-07-21 07:00:00,2427.75,28.925,58.75,22.125
2021-07-21 08:00:00,1141.0,28.975,55.125,23.175
2021-07-21 09:00:00,971.75,29.075000000000003,52.35,24.575
2021-07-21 10:00:00,836.75,29.125,51.05,26.325
2021-07-21 11:00:00,753.25,29.2,50.425,28.7
2021-07-21 12:00:00,693.75,29.25,49.775,30.85
2021-07-21 13:00:00,672.25,29.35,49.25,32.5
2021-07-21 14:00:00,638.5,29.475,48.6,34.175
2021-07-21 15:00:00,627.5,29.55,47.45,35.75
2021-07-21 16:00:00,608.0,29.625,46.15,38.425
2021-07-21 17:00:00,619.75,29.7,44.725,38.725
2021-07-21 18:00:00,634.0,29.8,44.275,38.925
2021-07-21 19:00:00,746.5,29.9,43.25,38.1
2021-07-21 20:00:00,849.75,30.0,42.375,37.075
2021-07-21 21:00:00,1437.5,30.05,44.0,34.7
2021-07-21 22:00:00,1356.25,30.2,45.05,32.65
2021-07-21 23:00:00,1247.75,30.325,45.075,31.175
2021-07-22 00:00:00,1161.25,30.424999999999997,44.975,29.475
2021-07-22 01:00:00,1110.25,30.075,43.475,28.025
2021-07-22 02:00:00,1544.75,27.275,41.025,26.85
2021-07-22 03:00:00,2024.5,27.975,58.25,25.2
2021-07-22 04:00:00,2409.25,27.95,57.225,24.725
2021-07-22 05:00:00,2753.5,28.0,58.85,24.875
2021-07-22 06:00:00,3121.0,28.05,58.0,24.725
2021-07-22 07:00:00,2034.25,28.25,52.975,24.475
2021-07-22 08:00:00,680.5,28.95,44.9,24.85
2021-07-22 09:00:00,628.75,29.275,43.7,26.3
2021-07-22 10:00:00,585.5,29.5,41.65,28.35
2021-07-22 11:00:00,545.75,29.725,39.35,31.15
2021-07-22 12:00:00,531.0,29.95,38.675,33.5
2021-07-22 13:00:00,519.0,30.125,37.475,35.45
2021-07-22 14:00:00,520.5,30.275,36.875,36.275
2021-07-22 15:00:00,518.0,30.45,35.425,37.575
2021-07-22 16:00:00,542.0,30.625,36.525,39.400000000000006
2021-07-22 17:00:00,639.0,30.7,35.425,39.8
2021-07-22 18:00:00,772.0,30.799999999999997,33.025,40.0
2021-07-22 19:00:00,651.75,31.0,32.1,39.35
2021-07-22 20:00:00,618.5,31.175,32.45,37.85
2021-07-22 21:00:00,816.0,31.1,35.175,35.7
2021-07-22 22:00:00,775.0,31.225,36.9,33.875
2021-07-22 23:00:00,736.75,31.3,37.975,32.599999999999994
2021-07-23 00:00:00,848.75,29.975,37.025,31.05
2021-07-23 01:00:00,1148.75,27.5,40.075,29.975
2021-07-23 02:00:00,1301.5,27.15,46.175,29.3
2021-07-23 03:00:00,1420.0,27.275,52.0,28.275
2021-07-23 04:00:00,1511.0,27.275,52.625,27.6
2021-07-23 05:00:00,1581.5,27.2,50.375,27.675
2021-07-23 06:00:00,1620.5,27.4,50.3,27.1
2021-07-23 07:00:00,1672.25,27.1,51.375,26.8
2021-07-23 08:00:00,1395.0,28.5,51.6,27.3
2021-07-23 09:00:00,1115.0,29.325,47.25,28.175
2021-07-23 10:00:00,1094.25,28.275,45.925,30.35
2021-07-23 11:00:00,1228.0,27.225,49.65,32.325
2021-07-23 12:00:00,1318.75,27.375,49.475,33.75
2021-07-23 13:00:00,1214.25,28.15,51.05,35.4
2021-07-23 14:00:00,1129.0,29.35,47.95,36.3
2021-07-23 15:00:00,1108.5,29.85,46.225,37.325
2021-07-23 16:00:00,1042.25,30.2,44.85,39.125
2021-07-23 17:00:00,1006.0,30.425,46.75,39.25
2021-07-23 18:00:00,1574.0,30.174999999999997,45.575,39.95
2021-07-23 19:00:00,1658.5,30.55,41.25,39.5
2021-07-23 20:00:00,1505.5,30.775,42.075,37.8
2021-07-23 21:00:00,1367.5,30.95,43.25,35.4
2021-07-23 22:00:00,1230.25,31.125,43.375,33.675
2021-07-23 23:00:00,1093.25,31.25,42.55,32.525
2021-07-24 00:00:00,938.5,31.3,41.325,31.425
2021-07-24 01:00:00,814.75,31.4,40.675,30.500000000000004
2021-07-24 02:00:00,737.5,31.475,40.425,29.575
2021-07-24 03:00:00,700.5,31.5,40.75,28.6
2021-07-24 04:00:00,659.25,31.5,40.650000000000006,27.7
2021-07-24 05:00:00,628.75,31.5,40.7,26.8
2021-07-24 06:00:00,593.75,31.5,40.55,26.025
2021-07-24 07:00:00,573.75,31.475,40.3,25.375
2021-07-24 08:00:00,556.75,31.4,40.075,25.275
2021-07-24 09:00:00,539.5,31.424999999999997,39.375,25.775
2021-07-24 10:00:00,529.75,31.424999999999997,39.175,27.45
2021-07-24 11:00:00,527.75,31.45,38.625,29.450000000000003
2021-07-24 12:00:00,527.5,31.5,38.975,31.375
2021-07-24 13:00:00,530.75,31.5,39.175000000000004,32.625
2021-07-24 14:00:00,525.25,31.5,38.675,33.275
2021-07-24 15:00:00,522.0,31.6,38.075,34.825
2021-07-24 16:00:00,519.0,31.625,36.925,37.325
2021-07-24 17:00:00,513.75,31.7,35.825,37.35
2021-07-24 18:00:00,512.5,31.75,34.975,37.3
2021-07-24 19:00:00,506.25,31.8,34.725,36.9
2021-07-24 20:00:00,512.0,31.85,34.8,35.425000000000004
2021-07-24 21:00:00,506.5,31.924999999999997,35.175000000000004,32.6
2021-07-24 22:00:00,509.5,32.0,35.7,30.3
2021-07-24 23:00:00,514.0,32.0,36.2,28.9
2021-07-25 00:00:00,513.0,32.075,36.65,27.95
2021-07-25 01:00:00,518.5,32.1,37.125,27.075000000000003
2021-07-25 02:00:00,517.75,32.1,37.575,26.575
2021-07-25 03:00:00,513.5,32.075,37.675000000000004,24.625
2021-07-25 04:00:00,507.75,32.0,37.55,24.675
2021-07-25 05:00:00,512.0,32.0,37.45,23.65
2021-07-25 06:00:00,516.75,31.924999999999997,37.45,23.15
2021-07-25 07:00:00,517.25,31.85,37.2,23.7
2021-07-25 08:00:00,516.5,31.8,37.0,24.5
2021-07-25 09:00:00,510.5,31.7,36.625,24.65
2021-07-25 10:00:00,507.75,31.7,36.675,26.875
2021-07-25 11:00:00,507.5,31.65,36.775,29.0
2021-07-25 12:00:00,510.75,31.65,36.65,31.075000000000003
2021-07-25 13:00:00,514.75,31.7,36.425,32.775
2021-07-25 14:00:00,507.5,31.7,36.4,33.900000000000006
2021-07-25 15:00:00,506.75,31.725,36.125,34.8
2021-07-25 16:00:00,501.5,31.775,36.075,37.025
2021-07-25 17:00:00,503.5,31.8,36.075,38.925
2021-07-25 18:00:00,509.75,31.9,35.475,38.85
2021-07-25 19:00:00,506.75,31.95,35.425,37.475
2021-07-25 20:00:00,510.25,32.0,35.875,35.3
2021-07-25 21:00:00,608.5,32.05,36.825,32.675
2021-07-25 22:00:00,891.75,31.55,34.875,30.925
2021-07-25 23:00:00,1476.75,28.25,34.7,29.6
2021-07-26 00:00:00,1819.25,27.85,45.625,28.825
2021-07-26 01:00:00,2135.0,28.35,52.9,28.025
2021-07-26 02:00:00,2304.25,28.325,54.225,27.075
2021-07-26 03:00:00,2395.0,28.35,51.400000000000006,26.275
2021-07-26 04:00:00,2432.25,28.200000000000003,52.6,25.75
2021-07-26 05:00:00,2468.5,28.200000000000003,52.8,25.45
2021-07-26 06:00:00,2490.75,28.125,53.7,25.05
2021-07-26 07:00:00,1541.0,28.775,54.55,25.325
2021-07-26 08:00:00,915.5,29.9,48.425,24.2
2021-07-26 09:00:00,834.75,30.3,46.875,25.375
2021-07-26 10:00:00,729.0,30.5,44.275,26.950000000000003
2021-07-26 11:00:00,632.75,30.675,43.125,28.525
2021-07-26 12:00:00,714.25,30.75,41.7,30.325
2021-07-26 13:00:00,745.5,30.9,41.55,31.700000000000003
2021-07-26 14:00:00,719.5,31.0,42.375,31.925
2021-07-26 15:00:00,686.5,31.125,42.8,32.900000000000006
2021-07-26 16:00:00,709.25,31.2,42.725,35.3
2021-07-26 17:00:00,669.5,31.325,42.6,34.8
2021-07-26 18:00:00,655.75,31.4,42.525,32.925000000000004
2021-07-26 19:00:00,679.25,31.45,42.45,31.8
2021-07-26 20:00:00,764.5,31.424999999999997,42.0,30.425
2021-07-26 21:00:00,744.75,31.5,44.2,27.775
2021-07-26 22:00:00,572.75,30.975,43.25,25.95
2021-07-26 23:00:00,655.25,29.425,42.575,25.125
2021-07-27 00:00:00,988.0,28.325,48.925,24.325
2021-07-27 01:00:00,1176.5,28.275,51.65,24.15
2021-07-27 02:00:00,1348.5,28.225,51.4,23.475
2021-07-27 03:00:00,1444.5,28.2,52.525000000000006,23.675
2021-07-27 04:00:00,1520.25,28.2,51.7,23.625
2021-07-27 05:00:00,1608.75,28.174999999999997,51.3,23.375
2021-07-27 06:00:00,1656.0,28.3,50.8,22.975
2021-07-27 07:00:00,1568.75,28.55,50.1,23.5
2021-07-27 08:00:00,956.0,29.275,51.4,24.125
2021-07-27 09:00:00,884.0,29.4,45.7,25.200000000000003
2021-07-27 10:00:00,878.5,29.45,44.975,27.175
2021-07-27 11:00:00,922.25,29.725,50.375,29.05
2021-07-27 12:00:00,1426.0,29.95,47.725,30.9
2021-07-27 13:00:00,1230.0,30.1,46.1,32.625
2021-07-27 14:00:00,1193.5,30.25,46.1,33.275
2021-07-27 15:00:00,1129.5,30.375,45.925,34.575
2021-07-27 16:00:00,1100.75,30.5,45.824999999999996,37.5
2021-07-27 17:00:00,1196.75,30.625,47.0,37.900000000000006
2021-07-27 18:00:00,1572.0,28.7,45.2,38.2
2021-07-27 19:00:00,954.8,30.080000000000002,46.78,37.325
2021-07-27 20:00:00,500.0,31.425,40.575,35.925
2021-07-27 21:00:00,500.0,31.75,42.150000000000006,33.575
2021-07-27 22:00:00,500.0,31.475,40.5,31.6
2021-07-27 23:00:00,639.5,30.475,43.5,29.575
2021-07-28 00:00:00,988.5,27.65,36.475,27.375
2021-07-28 01:00:00,1019.0,27.6,50.775,26.45
2021-07-28 02:00:00,1264.5,28.075,60.4,25.55
2021-07-28 03:00:00,1385.25,28.225,62.45,25.200000000000003
2021-07-28 04:00:00,1690.25,27.55,58.1,24.975
2021-07-28 05:00:00,1808.75,27.5,55.975,24.6
2021-07-28 06:00:00,1835.75,27.424999999999997,58.85,24.35
2021-07-28 07:00:00,763.5,28.225,54.55,24.525
2021-07-28 08:00:00,557.75,29.45,52.475,25.65
2021-07-28 09:00:00,500.0,29.875,49.85,26.9
2021-07-28 10:00:00,500.0,30.1,46.05,28.9
2021-07-28 11:00:00,500.0,30.4,44.425,30.95
2021-07-28 12:00:00,500.0,30.6,43.375,33.0
2021-07-28 13:00:00,500.0,30.85,40.35,34.275
2021-07-28 14:00:00,593.5,30.725,35.225,35.05
2021-07-28 15:00:00,520.75,30.75,37.425,36.225
2021-07-28 16:00:00,1101.75,27.2,34.775,38.275
2021-07-28 17:00:00,1001.5,27.65,49.824999999999996,38.7
2021-07-28 18:00:00,912.75,29.549999999999997,45.4,39.125
2021-07-28 19:00:00,1000.6666666666666,30.333333333333332,41.56666666666666,38.225
2021-07-28 20:00:00,927.0,30.65,42.7,36.475
2021-07-28 21:00:00,988.25,30.85,44.25,33.8
2021-07-28 22:00:00,888.75,31.075,44.7,31.825
2021-07-28 23:00:00,818.75,31.2,44.7,29.125
2021-07-29 00:00:00,894.75,30.05,40.15,28.425
2021-07-29 01:00:00,1012.5,28.125,50.775,28.3
2021-07-29 02:00:00,1195.5,28.2,56.675,27.8
2021-07-29 03:00:00,1331.0,28.25,57.025,27.525
2021-07-29 04:00:00,1451.0,28.225,58.15,27.275
2021-07-29 05:00:00,1484.25,28.175,58.075,26.85
2021-07-29 06:00:00,1589.25,28.075,56.35,26.625
2021-07-29 07:00:00,867.0,28.625,57.775,25.85
2021-07-29 08:00:00,500.0,29.1,48.625,27.025
2021-07-29 09:00:00,500.0,30.639999999999997,42.660000000000004,28.375
2021-07-29 10:00:00,500.0,30.35,45.55,29.825000000000003
2021-07-29 11:00:00,500.0,30.55,46.05,31.325000000000003
2021-07-29 12:00:00,500.0,30.75,46.25,33.05
2021-07-29 13:00:00,500.0,30.9,46.1,34.224999999999994
2021-07-29 14:00:00,500.0,31.025,45.925,34.425
2021-07-29 15:00:00,500.0,31.15,45.8,35.1
2021-07-29 16:00:00,865.5,28.625,38.825,37.975
2021-07-29 17:00:00,1400.25,26.45,36.575,37.45
2021-07-29 18:00:00,1166.25,26.5,43.4,36.375
2021-07-29 19:00:00,500.0,29.225,57.05,36.325
2021-07-29 20:00:00,605.5,30.175,50.75,35.175
2021-07-29 21:00:00,500.0,30.75,55.125,33.05
2021-07-29 22:00:00,500.0,31.025,52.15,31.1
2021-07-29 23:00:00,500.0,31.1,52.05,29.425
2021-07-30 00:00:00,500.0,31.2,51.675,28.2
2021-07-30 01:00:00,500.0,31.175,52.05,27.075000000000003
2021-07-30 02:00:00,1087.0,28.375,38.85,26.75
2021-07-30 03:00:00,674.0,28.225,59.225,26.35
2021-07-30 04:00:00,500.0,28.5,63.675,25.8
2021-07-30 05:00:00,500.0,28.375,64.275,25.3
2021-07-30 06:00:00,500.0,28.549999999999997,66.85,24.25
2021-07-30 07:00:00,500.0,28.525,65.42500000000001,23.950000000000003
2021-07-30 08:00:00,500.0,28.1,64.25,25.450000000000003
2021-07-30 09:00:00,500.0,28.8,62.625,26.85
2021-07-30 10:00:00,500.0,29.725,57.35,28.9
2021-07-30 11:00:00,500.0,30.15,54.8,30.575
2021-07-30 12:00:00,500.0,30.525,53.8,32.175
2021-07-30 13:00:00,500.0,30.785714285714285,49.58571428571429,33.55
2021-07-30 14:00:00,500.0,30.839999999999996,47.7,34.65
2021-07-30 15:00:00,664.2,29.74,44.779999999999994,35.85
2021-07-30 16:00:00,756.75,26.875,43.224999999999994,38.55
2021-07-30 17:00:00,890.2,27.8,45.92,38.325
2021-07-30 18:00:00,1029.25,26.625,51.475,37.3
2021-07-30 19:00:00,777.0,29.85,38.5,36.175
2021-07-30 20:00:00,500.0,31.125,34.775,34.0
2021-07-30 21:00:00,500.0,31.35,38.5,30.725
2021-07-30 22:00:00,500.0,31.5,40.45,29.5
2021-07-30 23:00:00,521.75,31.200000000000003,40.6,27.8
2021-07-31 00:00:00,1150.75,25.5,45.5,27.25
2021-07-31 01:00:00,1643.5,24.65,44.775,26.85
2021-07-31 02:00:00,1952.0,25.175,51.525,26.95
2021-07-31 03:00:00,2163.0,25.275,54.45,26.6
2021-07-31 04:00:00,2322.0,25.25,54.925,25.775
2021-07-31 05:00:00,2446.75,25.35,56.775,24.975
2021-07-31 06:00:00,2594.25,25.375,57.55,23.825
2021-07-31 07:00:00,2731.0,25.35,58.075,23.425
2021-07-31 08:00:00,2251.75,25.275,58.075,22.225
2021-07-31 09:00:00,1906.0,25.425,59.075,22.55
2021-07-31 10:00:00,1600.5,26.8,53.775,24.175
2021-07-31 11:00:00,622.5,29.3,37.775,26.125
2021-07-31 12:00:00,502.75,29.725,36.125,28.1
2021-07-31 13:00:00,619.5,30.1,37.1,29.575
2021-07-31 14:00:00,686.75,30.325,37.525,30.35
2021-07-31 15:00:00,695.0,30.4,37.625,31.55
2021-07-31 16:00:00,733.5,30.05,38.575,34.475
2021-07-31 17:00:00,1154.75,24.725,38.5,34.725
2021-07-31 18:00:00,1072.75,29.475,36.95,34.925
2021-07-31 19:00:00,1167.0,30.15,38.725,34.625
2021-07-31 20:00:00,1165.25,30.45,37.775,32.4
2021-07-31 21:00:00,1218.25,30.625,40.7,30.325000000000003
2021-07-31 22:00:00,997.5,30.7,35.675,29.000000000000004
2021-07-31 23:00:00,672.0,30.775,33.15,27.975
2021-08-01 00:00:00,520.5,30.325000000000003,28.675,26.85
2021-08-01 01:00:00,500.0,29.475,21.625,25.65
2021-08-01 02:00:00,500.0,29.15,22.6,24.65
2021-08-01 03:00:00,500.0,29.125,24.125,23.8
2021-08-01 04:00:00,500.0,29.05,24.625,23.025
2021-08-01 05:00:00,500.0,29.0,24.45,22.4
2021-08-01 06:00:00,500.0,28.55,25.35,21.85
2021-08-01 07:00:00,500.0,27.825,26.45,21.675
2021-08-01 08:00:00,500.0,28.3,26.325,20.425
2021-08-01 09:00:00,500.0,28.15,27.75,21.825
2021-08-01 10:00:00,500.0,28.175,27.8,23.8
2021-08-01 11:00:00,500.0,28.875,27.15,26.0
2021-08-01 12:00:00,500.0,29.7,26.875,27.925
2021-08-01 13:00:00,653.25,29.875,29.35,29.125
2021-08-01 14:00:00,754.25,30.125,31.55,30.175
2021-08-01 15:00:00,721.25,30.275,31.65,31.075
2021-08-01 16:00:00,892.75,26.675,37.925,32.825
2021-08-01 17:00:00,1322.75,26.8,41.85,32.525000000000006
2021-08-01 18:00:00,864.5,29.475,33.075,31.725
2021-08-01 19:00:00,500.0,29.65,28.825,30.55
2021-08-01 20:00:00,500.0,29.525,32.125,28.675
2021-08-01 21:00:00,500.0,29.525,34.825,26.6
2021-08-01 22:00:00,500.0,29.775,38.0,25.825000000000003
2021-08-01 23:00:00,604.0,30.1,39.15,24.95
2021-08-02 00:00:00,500.0,27.8,40.05,23.925
2021-08-02 01:00:00,500.0,26.925,40.025000000000006,23.075000000000003
2021-08-02 02:00:00,500.0,26.725,37.4,22.525
2021-08-02 03:00:00,500.0,26.775,39.5,22.1
2021-08-02 04:00:00,500.0,27.55,40.2,21.7
2021-08-02 05:00:00,500.0,27.725,41.375,21.55
2021-08-02 06:00:00,500.0,27.825,42.3,21.3
2021-08-02 07:00:00,500.0,28.025,41.449999999999996,21.55
2021-08-02 08:00:00,500.0,28.775,40.175,22.725
2021-08-02 09:00:00,500.0,29.025,39.025,24.275
2021-08-02 10:00:00,500.0,29.15,39.025,26.6
2021-08-02 11:00:00,500.0,29.25,38.9,27.35
2021-08-02 12:00:00,500.0,29.475,37.9,28.950000000000003
2021-08-02 13:00:00,500.0,29.6,36.6,30.375
2021-08-02 14:00:00,500.0,29.775,34.575,31.000000000000004
2021-08-02 15:00:00,500.0,29.85,33.6,31.775
2021-08-02 16:00:00,500.0,29.95,33.2,34.125
2021-08-02 17:00:00,500.0,29.975,32.55,34.25
2021-08-02 18:00:00,500.0,29.975,32.6,33.75
2021-08-02 19:00:00,586.25,30.0,34.8,33.0
2021-08-02 20:00:00,608.25,30.05,36.25,31.700000000000003
2021-08-02 21:00:00,500.0,30.1,34.05,30.175
2021-08-02 22:00:00,585.0,30.2,34.0,28.65
2021-08-02 23:00:00,500.0,29.825,35.675,27.45
2021-08-03 00:00:00,500.0,28.174999999999997,42.425,25.725
2021-08-03 01:00:00,500.0,27.55,45.825,24.575000000000003
2021-08-03 02:00:00,500.0,26.6,49.525,23.45
2021-08-03 03:00:00,500.0,26.15,54.375,22.6
2021-08-03 04:00:00,500.0,26.2,54.05,21.9
2021-08-03 05:00:00,500.0,26.75,51.8,21.95
2021-08-03 06:00:00,500.0,27.225,50.05,21.875
2021-08-03 07:00:00,500.0,27.525,50.025,22.325000000000003
2021-08-03 08:00:00,500.0,28.525,48.1,23.225
2021-08-03 09:00:00,500.0,29.075000000000003,45.95,24.525
2021-08-03 10:00:00,500.0,29.325,44.725,26.4
2021-08-03 11:00:00,500.0,29.6,43.6,28.575
2021-08-03 12:00:00,500.0,29.75,42.375,30.5
2021-08-03 13:00:00,500.0,29.9,40.575,32.0
2021-08-03 14:00:00,500.0,30.025,39.325,32.725
2021-08-03 15:00:00,500.0,30.15,38.025,33.900000000000006
2021-08-03 16:00:00,500.0,30.225,34.975,37.275
2021-08-03 17:00:00,500.0,30.3,33.375,37.0
2021-08-03 18:00:00,500.0,30.424999999999997,31.75,37.150000000000006
2021-08-03 19:00:00,500.0,30.5,31.925,36.55
2021-08-03 20:00:00,500.0,30.575000000000003,32.95,34.800000000000004
2021-08-03 21:00:00,500.0,30.6,34.025,32.575
2021-08-03 22:00:00,500.0,30.65,34.675,30.75
2021-08-03 23:00:00,500.0,30.6,34.875,29.425
2021-08-04 00:00:00,647.5,26.625,42.975,26.925
2021-08-04 01:00:00,922.0,25.65,48.2,25.8
2021-08-04 02:00:00,1070.5,26.075,49.175,25.275
2021-08-04 03:00:00,1164.0,26.15,48.5,24.7
2021-08-04 04:00:00,1227.25,26.125,48.45,24.375
2021-08-04 05:00:00,1287.75,26.425,48.0,23.95
2021-08-04 06:00:00,1337.5,26.25,48.35,23.825000000000003
2021-08-04 07:00:00,1330.0,27.1,46.5,23.9
2021-08-04 08:00:00,739.25,28.975,47.225,24.75
2021-08-04 09:00:00,652.5,29.525,43.35,26.0
2021-08-04 10:00:00,615.75,29.725,41.574999999999996,28.175
2021-08-04 11:00:00,681.0,29.825,41.075,29.85
2021-08-04 12:00:00,918.0,30.05,41.925,31.825
2021-08-04 13:00:00,859.5,30.175,39.275,33.05
2021-08-04 14:00:00,797.0,30.3,39.125,33.75
2021-08-04 15:00:00,768.25,30.4,38.85,34.800000000000004
2021-08-04 16:00:00,990.25,26.275,41.6,37.15
2021-08-04 17:00:00,1293.25,25.225,49.7,37.150000000000006
2021-08-04 18:00:00,1081.75,27.2,50.95,36.1
2021-08-04 19:00:00,899.0,29.475,43.7,33.975
2021-08-04 20:00:00,756.5,29.925,42.675,31.725
2021-08-04 21:00:00,621.25,30.075,42.825,30.125
2021-08-04 22:00:00,500.0,30.325,41.75,29.125
2021-08-04 23:00:00,540.0,28.275,43.724999999999994,28.325
2021-08-05 00:00:00,1277.25,25.525,49.15,26.925
2021-08-05 01:00:00,1811.75,26.15,57.625,26.625000000000004
2021-08-05 02:00:00,2108.0,26.45,59.175,26.475
2021-08-05 03:00:00,2310.0,26.5,59.425,26.200000000000003
2021-08-05 04:00:00,2479.5,26.575,59.3,25.45
2021-08-05 05:00:00,2605.25,26.65,60.075,25.125
2021-08-05 06:00:00,2682.5,26.675,59.65,25.025
2021-08-05 07:00:00,2151.5,27.325,55.525,24.875
2021-08-05 08:00:00,695.25,29.2,47.825,26.425
2021-08-05 09:00:00,500.0,29.75,44.425,27.200000000000003
2021-08-05 10:00:00,500.0,30.175,40.85,29.075
2021-08-05 11:00:00,500.0,30.525,37.7,31.175
2021-08-05 12:00:00,500.0,30.825,34.9,33.2
2021-08-05 13:00:00,500.0,31.025,33.875,34.7
2021-08-05 14:00:00,500.0,31.325,32.175,35.425
2021-08-05 15:00:00,500.0,31.3,31.625,36.675
2021-08-05 16:00:00,500.0,28.65,34.125,38.35
2021-08-05 17:00:00,1000.0,23.9,37.825,38.6
2021-08-05 18:00:00,998.75,26.0,35.7,38.175
2021-08-05 19:00:00,835.25,29.55,33.65,36.75
2021-08-05 20:00:00,709.5,30.15,34.7,34.85
2021-08-05 21:00:00,574.5,30.475,34.125,31.5
2021-08-05 22:00:00,500.0,30.5,29.45,30.125
2021-08-05 23:00:00,500.0,30.2,28.45,28.775
2021-08-06 00:00:00,500.0,29.55,32.825,26.675
2021-08-06 01:00:00,500.0,29.325,36.375,26.4
2021-08-06 02:00:00,500.0,29.35,36.325,26.025
2021-08-06 03:00:00,524.25,27.975,43.375,25.8
2021-08-06 04:00:00,1078.0,27.4,52.45,25.375
2021-08-06 05:00:00,1510.25,27.45,50.475,24.8
2021-08-06 06:00:00,1848.25,27.475,49.8,24.625
2021-08-06 07:00:00,1422.0,28.825,46.575,24.35
2021-08-06 08:00:00,709.0,30.175,41.725,25.55
2021-08-06 09:00:00,500.0,30.625,39.775,26.825000000000003
2021-08-06 10:00:00,500.0,30.9,39.675000000000004,28.325000000000003
2021-08-06 11:00:00,500.0,31.125,39.8,30.025
2021-08-06 12:00:00,500.0,31.225,38.85,32.275000000000006
2021-08-06 13:00:00,500.0,31.3,37.775,33.7
2021-08-06 14:00:00,500.0,31.35,35.45,34.45
2021-08-06 15:00:00,500.0,31.424999999999997,35.375,35.625
2021-08-06 16:00:00,720.5,26.125,40.575,36.75
2021-08-06 17:00:00,1295.0,25.125,46.225,37.1
2021-08-06 18:00:00,1212.0,27.4,37.475,39.4
2021-08-06 19:00:00,847.5,30.275,34.8,38.9
2021-08-06 20:00:00,704.25,30.825,35.225,36.725
2021-08-06 21:00:00,1022.5,31.05,42.35,33.225
2021-08-06 22:00:00,1158.5,31.25,40.95,30.6
2021-08-06 23:00:00,1352.0,28.225,42.925,28.325
2021-08-07 00:00:00,1937.75,26.875,54.25,27.500000000000004
2021-08-07 01:00:00,2190.5,27.2,58.125,26.475
2021-08-07 02:00:00,2350.25,27.35,59.1,25.875
2021-08-07 03:00:00,2479.25,27.375,59.9,25.425
2021-08-07 04:00:00,2625.25,27.6,59.3,25.85
2021-08-07 05:00:00,2728.75,27.425,59.2,25.200000000000003
2021-08-07 06:00:00,2760.75,27.5,58.625,24.5
2021-08-07 07:00:00,2790.25,27.525,57.325,24.325
2021-08-07 08:00:00,2777.5,27.625,56.25,23.85
2021-08-07 09:00:00,1637.5,28.8,47.75,24.7
2021-08-07 10:00:00,785.5,29.9,41.375,26.25
2021-08-07 11:00:00,680.25,30.25,42.075,27.675
2021-08-07 12:00:00,500.0,30.325,37.775,29.450000000000003
2021-08-07 13:00:00,500.0,30.425,34.9,30.675
2021-08-07 14:00:00,500.0,30.75,36.725,31.625
2021-08-07 15:00:00,500.0,30.924999999999997,33.625,33.025000000000006
2021-08-07 16:00:00,552.5,31.025,34.5,34.925000000000004
2021-08-07 17:00:00,569.5,31.125,36.25,35.7
2021-08-07 18:00:00,697.5,31.175,37.925,35.974999999999994
2021-08-07 19:00:00,961.25,31.2,39.65,33.775
2021-08-07 20:00:00,1228.5,31.375,46.925,31.200000000000003
2021-08-07 21:00:00,1094.75,31.5,43.925,28.950000000000003
2021-08-07 22:00:00,944.0,31.6,42.725,27.250000000000004
2021-08-07 23:00:00,771.0,31.6,41.325,25.75
2021-08-08 00:00:00,500.0,28.45,42.15,24.825000000000003
2021-08-08 01:00:00,500.0,27.725,45.125,24.025
2021-08-08 02:00:00,500.0,27.825,45.625,23.325000000000003
2021-08-08 03:00:00,500.0,28.775,43.325,22.35
2021-08-08 04:00:00,500.0,29.0,42.175,22.7
2021-08-08 05:00:00,500.0,28.875,32.55,23.1
2021-08-08 06:00:00,500.0,28.849999999999998,30.0,22.75
2021-08-08 07:00:00,500.0,28.65,30.45,22.625
2021-08-08 08:00:00,500.0,29.1,30.0,22.55
2021-08-08 09:00:00,500.0,29.55,30.8,23.95
2021-08-08 10:00:00,500.0,30.225,32.925,26.075000000000003
2021-08-08 11:00:00,520.75,30.424999999999997,33.625,28.1
2021-08-08 12:00:00,582.25,30.45,34.575,29.950000000000003
2021-08-08 13:00:00,751.25,30.55,35.6,31.15
2021-08-08 14:00:00,818.75,30.7,35.7,31.8
2021-08-08 15:00:00,788.25,30.7,36.3,32.725
2021-08-08 16:00:00,771.0,30.725,36.75,33.625
2021-08-08 17:00:00,755.5,30.7,36.5,33.800000000000004
2021-08-08 18:00:00,701.25,30.775,36.3,34.800000000000004
2021-08-08 19:00:00,754.0,30.875,36.55,34.349999999999994
2021-08-08 20:00:00,986.75,30.85,35.025,32.125
2021-08-08 21:00:00,1143.25,31.025,37.75,29.200000000000003
2021-08-08 22:00:00,1059.5,31.1,37.025,26.825000000000003
2021-08-08 23:00:00,1275.75,27.95,38.65,25.625
2021-08-09 00:00:00,1854.0,24.825,44.95,24.075
2021-08-09 01:00:00,2115.75,26.2,54.075,22.85
2021-08-09 02:00:00,2221.75,26.275,54.95,21.65
2021-08-09 03:00:00,2331.75,26.175,54.0,21.975
2021-08-09 04:00:00,2440.0,26.575,53.075,22.225
2021-08-09 05:00:00,2556.5,26.55,52.55,22.075000000000003
2021-08-09 06:00:00,2668.75,26.625,51.65,21.725
2021-08-09 07:00:00,1869.25,27.9,48.15,21.05
2021-08-09 08:00:00,511.75,28.8,39.625,22.225
2021-08-09 09:00:00,500.0,28.95,38.025,23.725
2021-08-09 10:00:00,500.0,29.5,37.025,25.9
2021-08-09 11:00:00,500.0,29.775,34.85,27.375
2021-08-09 12:00:00,500.0,29.975,33.95,29.075
2021-08-09 13:00:00,500.0,30.125,33.375,30.35
2021-08-09 14:00:00,500.0,30.275,33.475,31.700000000000003
2021-08-09 15:00:00,500.0,30.35,33.15,32.95
2021-08-09 16:00:00,500.0,30.53333333333333,32.766666666666666,35.625
2021-08-09 17:00:00,673.5,30.1,34.675,36.65
2021-08-09 18:00:00,667.0,30.675,33.425,36.875
2021-08-09 19:00:00,741.25,30.65,33.1,36.8
2021-08-09 20:00:00,764.0,30.5,30.95,35.375
2021-08-09 21:00:00,1257.0,30.625,41.825,32.85
2021-08-09 22:00:00,786.25,30.8,41.85,31.05
2021-08-09 23:00:00,500.0,30.7,41.825,29.925
2021-08-10 00:00:00,500.0,29.825,45.849999999999994,28.375
2021-08-10 01:00:00,500.0,29.0,48.65,27.525
2021-08-10 02:00:00,500.0,28.725,50.375,26.9
2021-08-10 03:00:00,500.0,28.525,52.925,26.375
2021-08-10 04:00:00,500.0,28.825,51.0,26.15
2021-08-10 05:00:00,500.0,28.7,43.175,25.85
2021-08-10 06:00:00,500.0,29.175,38.8,25.5
2021-08-10 07:00:00,500.0,29.325,38.05,25.425
2021-08-10 08:00:00,500.0,30.075,38.425,26.225
2021-08-10 09:00:00,500.0,30.275,37.6,27.65
2021-08-10 10:00:00,500.0,30.525,36.9,29.025
2021-08-10 11:00:00,500.0,30.65,37.15,31.125
2021-08-10 12:00:00,500.0,30.825,38.175,32.2
2021-08-10 13:00:00,500.0,30.975,37.475,33.775000000000006
2021-08-10 14:00:00,500.0,31.075000000000003,36.0,34.425
2021-08-10 15:00:00,500.0,31.15,35.95,35.9
2021-08-10 16:00:00,500.0,31.275,36.025,38.2
2021-08-10 17:00:00,500.0,31.375,36.15,37.9
2021-08-10 18:00:00,500.0,31.5,35.7,38.925
2021-08-10 19:00:00,500.0,31.45,35.325,38.075
2021-08-10 20:00:00,526.0,31.424999999999997,35.5,37.2
2021-08-10 21:00:00,576.25,31.6,37.6,35.45
2021-08-10 22:00:00,500.0,31.775,37.05,32.65
2021-08-10 23:00:00,542.5,27.3,40.75,28.675
2021-08-11 00:00:00,500.0,29.125,41.875,27.425
2021-08-11 01:00:00,500.0,29.25,42.1,27.175
2021-08-11 02:00:00,500.0,29.275,43.9,26.775
2021-08-11 03:00:00,500.0,29.424999999999997,46.025,26.65
2021-08-11 04:00:00,500.0,29.575000000000003,46.875,26.625
2021-08-11 05:00:00,500.0,29.425,47.7,26.325
2021-08-11 06:00:00,500.0,29.125,45.775,26.05
2021-08-11 07:00:00,500.0,29.15,43.9,25.9
2021-08-11 08:00:00,500.0,30.025,43.55,27.05
2021-08-11 09:00:00,500.0,30.65,41.7,28.55
2021-08-11 10:00:00,538.5,30.924999999999997,38.375,29.825000000000003
2021-08-11 11:00:00,693.0,31.150000000000002,39.8,31.125
2021-08-11 12:00:00,1018.0,26.4,45.975,32.775
2021-08-11 13:00:00,1078.0,25.775,49.125,33.925
2021-08-11 14:00:00,947.5,29.875,43.425,35.400000000000006
2021-08-11 15:00:00,860.75,30.625,42.25,36.175
2021-08-11 16:00:00,877.5,28.325,43.75,37.35
2021-08-11 17:00:00,1087.5,26.875,43.075,37.45
2021-08-11 18:00:00,957.25,30.35,40.35,36.65
2021-08-11 19:00:00,906.0,30.725,41.65,35.525
2021-08-11 20:00:00,911.5,31.025,44.4,33.65
2021-08-11 21:00:00,1359.75,31.075,45.25,31.750000000000004
2021-08-11 22:00:00,1378.75,31.375,44.3,30.4
2021-08-11 23:00:00,1187.25,31.5,45.675,28.85
2021-08-12 00:00:00,987.75,31.150000000000002,46.125,27.35
2021-08-12 01:00:00,1403.0,26.025,43.15,26.95
2021-08-12 02:00:00,1828.0,25.625,47.9,26.375
2021-08-12 03:00:00,2153.5,26.575000000000003,58.275,26.15
2021-08-12 04:00:00,2378.25,26.6,59.175,25.125000000000004
2021-08-12 05:00:00,2542.75,26.7,60.1,24.75
2021-08-12 06:00:00,2630.0,26.725,60.525,24.8
2021-08-12 07:00:00,1528.75,28.775,57.3,24.5
2021-08-12 08:00:00,651.0,29.975,56.2,26.5
2021-08-12 09:00:00,500.0,30.175,54.125,28.05
2021-08-12 10:00:00,500.0,30.625,51.625,29.7
2021-08-12 11:00:00,500.0,30.975,51.65,31.0
2021-08-12 12:00:00,500.0,31.275,51.275,32.7
2021-08-12 13:00:00,500.0,31.4,50.625,33.974999999999994
2021-08-12 14:00:00,500.0,31.55,49.425,35.025
2021-08-12 15:00:00,500.0,31.6,49.175000000000004,36.45
2021-08-12 16:00:00,500.0,31.625,48.375,38.875
2021-08-12 17:00:00,500.0,31.7,47.725,39.975
2021-08-12 18:00:00,556.0,31.775,47.05,40.275
2021-08-12 19:00:00,683.75,31.8,45.6,39.6
2021-08-12 20:00:00,786.0,31.924999999999997,43.55,38.45
2021-08-12 21:00:00,790.25,31.975,45.925,36.6
2021-08-12 22:00:00,684.0,32.175000000000004,48.15,35.075
2021-08-12 23:00:00,669.0,28.525000000000002,44.0,33.65
2021-08-13 00:00:00,1002.75,25.15,39.325,32.625
2021-08-13 01:00:00,1139.75,26.15,52.85,30.65
2021-08-13 02:00:00,1233.25,26.475,57.4,29.2
2021-08-13 03:00:00,1289.5,26.725,59.25,28.450000000000003
2021-08-13 04:00:00,1337.25,26.75,60.3,27.950000000000003
2021-08-13 05:00:00,1387.75,26.95,61.0,27.775
2021-08-13 06:00:00,1408.5,27.0,61.025,27.0
2021-08-13 07:00:00,1020.75,29.1,56.075,26.925000000000004
2021-08-13 08:00:00,506.25,30.625,51.275,28.925
2021-08-13 09:00:00,500.0,31.075,48.5,29.5
2021-08-13 10:00:00,500.0,31.3,48.3,31.3
2021-08-13 11:00:00,500.0,31.525,48.3,33.05
2021-08-13 12:00:00,500.0,31.75,48.025,35.849999999999994
2021-08-13 13:00:00,500.0,31.875,47.6,37.95
2021-08-13 14:00:00,500.0,32.05,47.425,39.275
2021-08-13 15:00:00,500.0,32.2,47.4,39.825
2021-08-13 16:00:00,500.0,32.375,46.875,40.375
2021-08-13 17:00:00,500.0,32.5,46.425,42.025
2021-08-13 18:00:00,500.0,32.650000000000006,45.9,42.45
2021-08-13 19:00:00,500.0,32.775,45.5,41.975
2021-08-13 20:00:00,500.0,32.875,44.85,40.525
2021-08-13 21:00:00,500.0,32.975,44.4,38.525
2021-08-13 22:00:00,500.0,33.1,44.175000000000004,36.275000000000006
2021-08-13 23:00:00,500.0,33.2,44.075,33.925000000000004
2021-08-14 00:00:00,500.0,33.225,44.1,31.950000000000003
2021-08-14 01:00:00,500.0,33.3,44.025,30.775
2021-08-14 02:00:00,500.0,33.3,44.0,29.425
2021-08-14 03:00:00,500.0,33.349999999999994,44.075,29.35
2021-08-14 04:00:00,500.0,33.4,44.175000000000004,29.05
2021-08-14 05:00:00,500.0,33.4,44.075,28.35
2021-08-14 06:00:00,500.0,33.4,43.925,28.025
2021-08-14 07:00:00,500.0,33.349999999999994,44.0,28.025
2021-08-14 08:00:00,500.0,33.375,43.65,28.1
2021-08-14 09:00:00,500.0,33.349999999999994,43.4,29.625
2021-08-14 10:00:00,500.0,33.324999999999996,43.05,31.65
2021-08-14 11:00:00,500.0,33.4,41.675,34.375
2021-08-14 12:00:00,500.0,33.5,40.724999999999994,37.05
2021-08-14 13:00:00,500.0,33.55,40.4,39.625
2021-08-14 14:00:00,500.0,33.6,40.05,40.85
2021-08-14 15:00:00,500.0,33.7,39.25,42.2
2021-08-14 16:00:00,500.0,33.75,37.925,44.2
2021-08-14 17:00:00,500.0,33.824999999999996,36.925,44.39999999999999
2021-08-14 18:00:00,500.0,33.9,36.65,44.05
2021-08-14 19:00:00,500.0,34.0,36.35,42.675
2021-08-14 20:00:00,500.0,34.1,36.625,40.2
2021-08-14 21:00:00,500.0,34.2,36.925,38.125
2021-08-14 22:00:00,500.0,34.275,37.175000000000004,36.725
2021-08-14 23:00:00,500.0,34.375,37.25,35.55
2021-08-15 00:00:00,500.0,34.4,37.349999999999994,34.275
2021-08-15 01:00:00,500.0,34.425,37.4,32.4
2021-08-15 02:00:00,500.0,34.4,37.5,30.65
2021-08-15 03:00:00,500.0,34.45,37.775,29.525
2021-08-15 04:00:00,500.0,34.5,38.075,29.450000000000003
2021-08-15 05:00:00,500.0,34.5,38.125,29.15
2021-08-15 06:00:00,500.0,34.5,38.45,28.7
2021-08-15 07:00:00,500.0,34.475,38.9,28.475
2021-08-15 08:00:00,500.0,34.45,39.05,28.8
2021-08-15 09:00:00,500.0,34.475,38.7,30.325000000000003
2021-08-15 10:00:00,500.0,34.4,38.725,32.225
2021-08-15 11:00:00,500.0,34.475,38.3,34.45
2021-08-15 12:00:00,500.0,34.525,38.05,36.45
2021-08-15 13:00:00,500.0,34.6,38.05,39.2
2021-08-15 14:00:00,500.0,34.625,37.675,41.075
2021-08-15 15:00:00,500.0,34.7,37.425,42.02499999999999
2021-08-15 16:00:00,500.0,34.725,36.9,42.5
2021-08-15 17:00:00,500.0,34.8,35.475,43.7
2021-08-15 18:00:00,500.0,34.9,34.275,42.825
2021-08-15 19:00:00,500.0,34.9,34.025,41.575
2021-08-15 20:00:00,500.0,34.95,33.849999999999994,39.775
2021-08-15 21:00:00,500.0,35.0,34.025,37.75
2021-08-15 22:00:00,500.0,35.025,33.849999999999994,35.425
2021-08-15 23:00:00,500.0,35.025,34.2,33.575
2021-08-16 00:00:00,500.0,35.025,34.025,31.925
2021-08-16 01:00:00,500.0,35.1,33.75,30.65
2021-08-16 02:00:00,500.0,35.1,33.7,29.9
2021-08-16 03:00:00,500.0,35.1,33.7,29.575
2021-08-16 04:00:00,500.0,35.125,33.8,29.15
2021-08-16 05:00:00,500.0,35.125,34.225,28.700000000000003
2021-08-16 06:00:00,500.0,35.1,34.725,27.975
2021-08-16 07:00:00,500.0,35.1,34.824999999999996,27.75
2021-08-16 08:00:00,500.0,35.1,34.875,28.9
2021-08-16 09:00:00,500.0,34.95,34.075,29.225
2021-08-16 10:00:00,500.0,34.9,33.1,31.425
2021-08-16 11:00:00,500.0,34.975,32.875,33.724999999999994
2021-08-16 12:00:00,500.0,35.025,32.725,36.275
2021-08-16 13:00:00,500.0,35.1,32.05,38.4
2021-08-16 14:00:00,500.0,35.075,30.925,39.425
2021-08-16 15:00:00,500.0,35.1,29.425,40.775000000000006
2021-08-16 16:00:00,500.0,35.1,27.725,43.375
2021-08-16 17:00:00,500.0,35.125,27.225,44.75
2021-08-16 18:00:00,500.0,35.175000000000004,27.525,44.875
2021-08-16 19:00:00,500.0,35.2,26.975,43.875
2021-08-16 20:00:00,500.0,35.225,26.475,41.625
2021-08-16 21:00:00,500.0,35.3,24.625,38.9
2021-08-16 22:00:00,516.75,35.25,17.05,36.6
2021-08-16 23:00:00,500.0,35.349999999999994,17.225,34.7
2021-08-17 00:00:00,775.0,29.275,25.674999999999997,33.45
2021-08-17 01:00:00,1386.5,25.5,31.9,32.2
2021-08-17 02:00:00,1780.5,25.35,33.85,31.225
2021-08-17 03:00:00,2001.0,24.625,33.45,30.1
2021-08-17 04:00:00,2113.75,23.95,33.675,28.75
2021-08-17 05:00:00,2143.0,23.275,34.575,27.8
2021-08-17 06:00:00,2220.0,25.75,46.7,27.125
2021-08-17 07:00:00,2178.5,25.925,48.975,25.325
2021-08-17 08:00:00,1169.0,27.7,40.775,26.725
2021-08-17 09:00:00,1173.25,26.125,51.375,27.175
2021-08-17 10:00:00,1165.75,26.55,51.5,28.925
2021-08-17 11:00:00,824.75,31.15,39.575,30.8
2021-08-17 12:00:00,642.0,31.950000000000003,35.625,32.75
2021-08-17 13:00:00,574.25,32.075,36.05,34.375
2021-08-17 14:00:00,538.75,32.625,33.95,35.075
2021-08-17 15:00:00,549.0,32.375,33.575,35.775
2021-08-17 16:00:00,1030.5,24.925,33.975,37.8
2021-08-17 17:00:00,931.0,30.675,31.25,37.25
2021-08-17 18:00:00,801.75,31.825,32.975,36.0
2021-08-17 19:00:00,802.75,32.3,31.849999999999998,34.775
2021-08-17 20:00:00,800.0,32.525,32.275,32.75
2021-08-17 21:00:00,1013.0,32.625,34.0,30.4
2021-08-17 22:00:00,996.0,33.075,33.2,29.45
2021-08-17 23:00:00,1063.0,31.225,35.3,28.725
2021-08-18 00:00:00,1638.0,26.125,34.925,27.4
2021-08-18 01:00:00,1918.0,26.25,49.375,27.2
2021-08-18 02:00:00,1934.0,26.65,54.35,26.550000000000004
2021-08-18 03:00:00,1978.0,26.9,56.8,26.250000000000004
2021-08-18 04:00:00,2028.75,26.924999999999997,56.2,25.925
2021-08-18 05:00:00,2041.5,26.9,56.15,25.625
2021-08-18 06:00:00,2072.75,26.8,56.75,25.6
2021-08-18 07:00:00,2000.0,26.75,57.574999999999996,25.45
2021-08-18 08:00:00,1179.5,27.9,58.0,26.425
2021-08-18 09:00:00,1091.0,29.3,53.75,27.55
2021-08-18 10:00:00,892.75,30.975,44.325,28.5
2021-08-18 11:00:00,806.75,31.3,42.3,29.875
2021-08-18 12:00:00,728.0,31.55,41.725,31.625
2021-08-18 13:00:00,681.5,31.75,41.55,32.89999999999999
2021-08-18 14:00:00,643.75,31.85,41.15,33.425
2021-08-18 15:00:00,647.5,31.95,40.425,34.5
2021-08-18 16:00:00,703.75,31.35,39.225,36.0
2021-08-18 17:00:00,1019.0,26.35,41.6,36.7
2021-08-18 18:00:00,1223.0,30.65,41.55,36.25
2021-08-18 19:00:00,1254.0,31.425,37.075,35.05
2021-08-18 20:00:00,1269.75,30.625,41.825,33.45
2021-08-18 21:00:00,1248.0,31.475,41.25,30.925
2021-08-18 22:00:00,1001.25,31.975,40.675000000000004,29.3
2021-08-18 23:00:00,828.75,32.150000000000006,40.8,28.1
2021-08-19 00:00:00,720.5,29.6,40.95,27.075000000000003
2021-08-19 01:00:00,885.25,24.725,44.5,26.15
2021-08-19 02:00:00,1220.25,26.400000000000002,57.875,25.65
2021-08-19 03:00:00,1565.25,26.625,59.55,25.25
2021-08-19 04:00:00,1787.0,26.725,59.725,24.8
2021-08-19 05:00:00,1917.25,26.6,60.25,24.7
2021-08-19 06:00:00,2008.25,26.7,60.925,24.25
2021-08-19 07:00:00,1339.0,28.25,56.05,23.950000000000003
2021-08-19 08:00:00,711.25,30.35,51.5,25.0
2021-08-19 09:00:00,506.75,30.65,49.6,26.125
2021-08-19 10:00:00,500.0,30.9,48.325,27.65
2021-08-19 11:00:00,500.0,31.05,47.725,28.725
2021-08-19 12:00:00,500.0,31.2,47.525,29.975
2021-08-19 13:00:00,500.0,31.275,47.2,31.275
2021-08-19 14:00:00,500.0,31.424999999999997,46.85,31.875
2021-08-19 15:00:00,500.0,31.55,46.725,32.875
2021-08-19 16:00:00,500.0,31.7,45.6,34.25
2021-08-19 17:00:00,500.0,31.7,43.425,34.775
2021-08-19 18:00:00,500.0,31.875,41.825,34.825
2021-08-19 19:00:00,500.0,32.0,39.95,34.325
2021-08-19 20:00:00,500.0,32.0,39.95,32.75
2021-08-19 21:00:00,500.0,32.0,41.575,30.825
2021-08-19 22:00:00,500.0,31.725,42.85,29.05
2021-08-19 23:00:00,782.5,26.175,40.225,26.825
2021-08-20 00:00:00,1092.0,26.825,42.3,25.65
2021-08-20 01:00:00,1284.0,27.325,51.025000000000006,25.0
2021-08-20 02:00:00,1429.0,27.15,52.675,24.475
2021-08-20 03:00:00,1526.75,27.2,55.275,24.125
2021-08-20 04:00:00,1634.25,27.15,56.5,23.75
2021-08-20 05:00:00,1706.0,27.275,57.025,23.8
2021-08-20 06:00:00,1766.25,27.225,57.575,23.3
2021-08-20 07:00:00,1648.5,28.25,53.55,22.8
2021-08-20 08:00:00,569.25,30.15,47.075,24.125
2021-08-20 09:00:00,714.0,26.875,47.575,24.275
2021-08-20 10:00:00,1006.5,24.675,40.425,26.275
2021-08-20 11:00:00,1053.25,24.825,44.75,28.175
2021-08-20 12:00:00,1071.25,24.775,45.75,30.425
2021-08-20 13:00:00,986.5,26.9,45.65,31.950000000000003
2021-08-20 14:00:00,944.25,29.6,44.55,32.575
2021-08-20 15:00:00,1011.0,30.1,41.75,33.875
2021-08-20 16:00:00,896.75,30.425,41.625,35.325
2021-08-20 17:00:00,790.0,30.65,41.825,36.125
2021-08-20 18:00:00,704.25,30.825,41.8,36.075
2021-08-20 19:00:00,634.75,31.0,41.824999999999996,35.15
2021-08-20 20:00:00,568.5,31.15,41.975,33.475
2021-08-20 21:00:00,545.75,31.35,41.6,32.325
2021-08-20 22:00:00,526.5,31.5,41.575,30.875
2021-08-20 23:00:00,500.0,31.575000000000003,41.925,28.125
2021-08-21 00:00:00,500.0,31.6,42.325,26.85
2021-08-21 01:00:00,500.0,31.6,42.75,25.35
2021-08-21 02:00:00,500.0,31.675,43.0,25.25
2021-08-21 03:00:00,500.0,31.7,43.175000000000004,25.075000000000003
2021-08-21 04:00:00,500.0,31.8,43.2,24.55
2021-08-21 05:00:00,500.0,31.75,43.175000000000004,23.875
2021-08-21 06:00:00,500.0,31.75,43.175000000000004,23.675
2021-08-21 07:00:00,500.0,31.7,43.075,23.35
2021-08-21 08:00:00,500.0,31.675,43.05,24.175
2021-08-21 09:00:00,500.0,31.55,43.125,25.2
2021-08-21 10:00:00,500.0,31.575000000000003,42.85,27.075
2021-08-21 11:00:00,500.0,31.625,42.35,29.5
2021-08-21 12:00:00,500.0,31.7,41.625,31.5
2021-08-21 13:00:00,500.0,31.825,40.775,33.45
2021-08-21 14:00:00,500.0,31.924999999999997,37.575,34.375
2021-08-21 15:00:00,658.75,28.525,37.55,35.575
2021-08-21 16:00:00,1189.0,25.775,33.775,38.225
2021-08-21 17:00:00,1505.75,26.35,39.95,38.7
2021-08-21 18:00:00,1693.25,26.65,45.9,37.375
2021-08-21 19:00:00,1640.75,26.825,48.0,35.9
2021-08-21 20:00:00,1187.0,28.450000000000003,36.15,34.2
2021-08-21 21:00:00,1012.0,30.65,35.7,31.4
2021-08-21 22:00:00,874.75,31.125,37.55,29.6
2021-08-21 23:00:00,554.5,30.975,36.825,28.0
2021-08-22 00:00:00,666.5,27.85,42.55,26.725
2021-08-22 01:00:00,1292.0,26.4,54.125,26.475
2021-08-22 02:00:00,1662.0,26.725,59.2,26.200000000000003
2021-08-22 03:00:00,1983.75,26.775,59.85,26.175
2021-08-22 04:00:00,2205.0,26.75,60.05,25.85
2021-08-22 05:00:00,2330.0,26.65,60.65,25.325000000000003
2021-08-22 06:00:00,2434.5,26.7,61.175,25.0
2021-08-22 07:00:00,2481.75,26.65,60.75,25.1
2021-08-22 08:00:00,2513.75,26.825,61.325,24.825
2021-08-22 09:00:00,1415.5,28.35,50.65,25.825
2021-08-22 10:00:00,857.25,29.85,42.825,27.675
2021-08-22 11:00:00,936.0,30.025,39.125,30.025
2021-08-22 12:00:00,957.75,30.175,36.225,32.425
2021-08-22 13:00:00,758.5,30.575000000000003,37.0,33.375
2021-08-22 14:00:00,811.25,30.6,41.9,34.5
2021-08-22 15:00:00,1334.5,25.75,52.1,35.95
2021-08-22 16:00:00,1812.5,25.65,55.9,37.6
2021-08-22 17:00:00,1638.0,28.7,49.625,38.4
2021-08-22 18:00:00,1477.75,30.275,45.825,38.675
2021-08-22 19:00:00,1393.75,30.625,45.0,37.65
2021-08-22 20:00:00,1569.75,30.175,51.25,34.974999999999994
2021-08-22 21:00:00,1543.0,31.0,47.55,32.8
2021-08-22 22:00:00,1379.25,31.275,46.125,31.7
2021-08-22 23:00:00,1227.25,31.424999999999997,45.525,29.9
2021-08-23 00:00:00,1347.0,27.75,46.05,28.825000000000003
2021-08-23 01:00:00,1735.5,26.2,52.425,28.675
2021-08-23 02:00:00,1965.75,26.4,58.800000000000004,27.825
2021-08-23 03:00:00,2062.25,26.5,59.974999999999994,26.625
2021-08-23 04:00:00,2106.5,26.525,61.375,26.4
2021-08-23 05:00:00,2190.75,26.6,61.275,26.3
2021-08-23 06:00:00,2202.75,26.65,61.1,25.75
2021-08-23 07:00:00,2154.5,26.65,60.725,25.675
2021-08-23 08:00:00,1846.25,26.75,59.775,26.425
2021-08-23 09:00:00,1149.0,27.5,53.525,27.4
2021-08-23 10:00:00,937.75,29.8,47.425,28.775
2021-08-23 11:00:00,906.0,30.05,40.225,30.775
2021-08-23 12:00:00,837.5,30.475,40.575,32.95
2021-08-23 13:00:00,751.5,30.725,42.525,34.025
2021-08-23 14:00:00,679.0,30.85,43.525,35.15
2021-08-23 15:00:00,612.25,31.0,43.9,36.375
2021-08-23 16:00:00,602.25,31.1,43.525,38.575
2021-08-23 17:00:00,773.75,30.975,39.15,38.375
2021-08-23 18:00:00,1015.25,26.25,41.225,37.8
2021-08-23 19:00:00,1165.25,28.924999999999997,50.075,36.275
2021-08-23 20:00:00,1212.75,27.225,43.875,34.325
2021-08-23 21:00:00,1292.5,30.05,37.15,31.975
2021-08-23 22:00:00,1312.5,30.825,41.925,30.3
2021-08-23 23:00:00,1200.0,31.05,41.25,29.025
2021-08-24 00:00:00,1357.5,27.75,43.65,28.125
2021-08-24 01:00:00,1896.75,26.025,54.85,27.6
2021-08-24 02:00:00,2262.5,26.625,60.025000000000006,27.175
2021-08-24 03:00:00,2536.5,26.95,61.775,26.85
2021-08-24 04:00:00,2739.75,26.95,62.224999999999994,26.5
2021-08-24 05:00:00,2788.5,26.875,62.775,26.325
2021-08-24 06:00:00,2810.0,26.9,62.675,26.1
2021-08-24 07:00:00,2789.25,26.95,63.375,25.9
2021-08-24 08:00:00,1662.5,28.15,58.6,27.025
2021-08-24 09:00:00,1008.25,29.775,53.75,28.3
2021-08-24 10:00:00,871.25,29.175,48.35,29.65
2021-08-24 11:00:00,906.5,30.425,45.65,31.5
2021-08-24 12:00:00,1193.25,30.6,48.05,32.925
2021-08-24 13:00:00,1650.0,31.05,54.425,33.650000000000006
2021-08-24 14:00:00,1502.25,31.025,47.0,34.125
2021-08-24 15:00:00,1171.25,31.025,40.0,34.625
2021-08-24 16:00:00,1031.0,31.275,43.625,37.325
2021-08-24 17:00:00,1181.5,31.349999999999998,47.849999999999994,35.724999999999994
2021-08-24 18:00:00,1301.5,31.125,42.8,33.875
2021-08-24 19:00:00,1222.75,30.85,35.225,32.74999999999999
2021-08-24 20:00:00,1170.75,31.2,39.95,30.25
2021-08-24 21:00:00,1079.0,31.325,45.95,28.175
2021-08-24 22:00:00,1037.75,31.525,46.875,27.025
2021-08-24 23:00:00,897.0,31.6,47.175,26.575
2021-08-25 00:00:00,821.25,29.25,48.375,26.625
2021-08-25 01:00:00,1016.0,25.975,51.475,26.450000000000003
2021-08-25 02:00:00,1448.5,26.525,58.275,25.925
2021-08-25 03:00:00,1655.5,26.825,60.55,25.5
2021-08-25 04:00:00,1924.5,26.9,61.95,25.200000000000003
2021-08-25 05:00:00,2049.25,26.975,63.1,24.525
2021-08-25 06:00:00,2146.0,26.85,63.475,24.175
2021-08-25 07:00:00,2248.5,27.05,63.85,24.075000000000003
2021-08-25 08:00:00,2310.0,26.875,64.475,25.625
2021-08-25 09:00:00,1652.5,27.225,63.575,26.725
2021-08-25 10:00:00,1145.25,28.45,52.95,27.975
2021-08-25 11:00:00,964.75,29.875,47.8,29.25
2021-08-25 12:00:00,855.5,30.15,47.5,30.475
2021-08-25 13:00:00,,,,31.9
2021-08-25 14:00:00,,,,32.25
2021-08-25 15:00:00,,,,32.150000000000006
2021-08-25 16:00:00,,,,33.099999999999994
2021-08-25 17:00:00,,,,33.56666666666666
